,NoOfCpus,Memory,IoRateLimits(mb/sec),FileSize,IoSize,NoOfThreads,ThreadMemory,ResponseTime(msec/op)
0,1,1,10,10485760,1,1,204800,0.1
1,1,1,10,10485760,1,1,9437184,0.098
2,1,1,10,10485760,1,100,204800,9.917
3,1,1,10,10485760,1,100,9437184,9.821
4,1,1,10,10485760,150,1,204800,14.623
5,1,1,10,10485760,150,1,9437184,14.649000000000001
6,1,1,10,10485760,150,100,204800,247.399
7,1,1,10,10485760,150,100,9437184,405.495
8,1,1,10,1073741824,1,1,204800,0.107
9,1,1,10,1073741824,1,1,9437184,0.105
10,1,1,10,1073741824,1,100,204800,10.69
11,1,1,10,1073741824,1,100,9437184,10.421
12,1,1,10,1073741824,150,1,204800,14.642999999999999
13,1,1,10,1073741824,150,1,9437184,14.624
14,1,1,10,1073741824,150,100,204800,200.608
15,1,1,10,1073741824,150,100,9437184,694.955
16,1,1,500,10485760,1,1,204800,0.027000000000000003
17,1,1,500,10485760,1,1,9437184,0.027000000000000003
18,1,1,500,10485760,1,100,204800,2.846
19,1,1,500,10485760,1,100,9437184,2.9339999999999997
20,1,1,500,10485760,150,1,204800,0.618
21,1,1,500,10485760,150,1,9437184,0.602
22,1,1,500,10485760,150,100,204800,55.461000000000006
23,1,1,500,10485760,150,100,9437184,54.074
24,1,1,500,1073741824,1,1,204800,0.043
25,1,1,500,1073741824,1,1,9437184,0.043
26,1,1,500,1073741824,1,100,204800,4.553
27,1,1,500,1073741824,1,100,9437184,4.54
28,1,1,500,1073741824,150,1,204800,1.067
29,1,1,500,1073741824,150,1,9437184,1.031
30,1,1,500,1073741824,150,100,204800,93.73899999999999
31,1,1,500,1073741824,150,100,9437184,78.77
32,1,8,10,10485760,1,1,204800,0.102
33,1,8,10,10485760,1,1,9437184,0.098
34,1,8,10,10485760,1,100,204800,9.968
35,1,8,10,10485760,1,100,9437184,9.762
36,1,8,10,10485760,150,1,204800,14.629000000000001
37,1,8,10,10485760,150,1,9437184,14.655
38,1,8,10,10485760,150,100,204800,388.04699999999997
39,1,8,10,10485760,150,100,9437184,875.567
40,1,8,10,1073741824,1,1,204800,0.113
41,1,8,10,1073741824,1,1,9437184,0.105
42,1,8,10,1073741824,1,100,204800,10.485
43,1,8,10,1073741824,1,100,9437184,10.578
44,1,8,10,1073741824,150,1,204800,14.709000000000001
45,1,8,10,1073741824,150,1,9437184,14.624
46,1,8,10,1073741824,150,100,204800,160.41299999999998
47,1,8,10,1073741824,150,100,9437184,421.80300000000005
48,1,8,500,10485760,1,1,204800,0.027000000000000003
49,1,8,500,10485760,1,1,9437184,0.027000000000000003
50,1,8,500,10485760,1,100,204800,2.924
51,1,8,500,10485760,1,100,9437184,2.838
52,1,8,500,10485760,150,1,204800,0.62
53,1,8,500,10485760,150,1,9437184,0.602
54,1,8,500,10485760,150,100,204800,50.363
55,1,8,500,10485760,150,100,9437184,51.001999999999995
56,1,8,500,1073741824,1,1,204800,0.044000000000000004
57,1,8,500,1073741824,1,1,9437184,0.043
58,1,8,500,1073741824,1,100,204800,4.646
59,1,8,500,1073741824,1,100,9437184,4.418
60,1,8,500,1073741824,150,1,204800,1.048
61,1,8,500,1073741824,150,1,9437184,1.043
62,1,8,500,1073741824,150,100,204800,87.73299999999999
63,1,8,500,1073741824,150,100,9437184,82.69
64,4,1,10,10485760,1,1,204800,0.10099999999999999
65,4,1,10,10485760,1,1,9437184,0.098
66,4,1,10,10485760,1,100,204800,9.902000000000001
67,4,1,10,10485760,1,100,9437184,9.807
68,4,1,10,10485760,150,1,204800,14.623
69,4,1,10,10485760,150,1,9437184,14.644
70,4,1,10,10485760,150,100,204800,903.3689999999999
71,4,1,10,10485760,150,100,9437184,124.83
72,4,1,10,1073741824,1,1,204800,0.11
73,4,1,10,1073741824,1,1,9437184,0.10800000000000001
74,4,1,10,1073741824,1,100,204800,11.55
75,4,1,10,1073741824,1,100,9437184,10.817
76,4,1,10,1073741824,150,1,204800,14.644
77,4,1,10,1073741824,150,1,9437184,14.747
78,4,1,10,1073741824,150,100,204800,254.43
79,4,1,10,1073741824,150,100,9437184,322.824
80,4,1,500,10485760,1,1,204800,0.027000000000000003
81,4,1,500,10485760,1,1,9437184,0.027000000000000003
82,4,1,500,10485760,1,100,204800,2.9539999999999997
83,4,1,500,10485760,1,100,9437184,2.9539999999999997
84,4,1,500,10485760,150,1,204800,0.618
85,4,1,500,10485760,150,1,9437184,0.601
86,4,1,500,10485760,150,100,204800,50.356
87,4,1,500,10485760,150,100,9437184,47.76
88,4,1,500,1073741824,1,1,204800,0.043
89,4,1,500,1073741824,1,1,9437184,0.043
90,4,1,500,1073741824,1,100,204800,4.497
91,4,1,500,1073741824,1,100,9437184,4.527
92,4,1,500,1073741824,150,1,204800,1.073
93,4,1,500,1073741824,150,1,9437184,1.013
94,4,1,500,1073741824,150,100,204800,82.38600000000001
95,4,1,500,1073741824,150,100,9437184,91.087
96,4,8,10,10485760,1,1,204800,0.10099999999999999
97,4,8,10,10485760,1,1,9437184,0.099
98,4,8,10,10485760,1,100,204800,9.918
99,4,8,10,10485760,1,100,9437184,9.758
100,4,8,10,10485760,150,1,204800,14.91
101,4,8,10,10485760,150,1,9437184,14.642999999999999
102,4,8,10,10485760,150,100,204800,897.1439999999999
103,4,8,10,10485760,150,100,9437184,1150.096
104,4,8,10,1073741824,1,1,204800,0.11900000000000001
105,4,8,10,1073741824,1,1,9437184,0.107
106,4,8,10,1073741824,1,100,204800,10.365
107,4,8,10,1073741824,1,100,9437184,11.324000000000002
108,4,8,10,1073741824,150,1,204800,14.623
109,4,8,10,1073741824,150,1,9437184,14.624
110,4,8,10,1073741824,150,100,204800,531.964
111,4,8,10,1073741824,150,100,9437184,840.073
112,4,8,500,10485760,1,1,204800,0.027000000000000003
113,4,8,500,10485760,1,1,9437184,0.027000000000000003
114,4,8,500,10485760,1,100,204800,2.965
115,4,8,500,10485760,1,100,9437184,2.912
116,4,8,500,10485760,150,1,204800,0.618
117,4,8,500,10485760,150,1,9437184,0.615
118,4,8,500,10485760,150,100,204800,47.878
119,4,8,500,10485760,150,100,9437184,54.675
120,4,8,500,1073741824,1,1,204800,0.043
121,4,8,500,1073741824,1,1,9437184,0.04
122,4,8,500,1073741824,1,100,204800,4.426
123,4,8,500,1073741824,1,100,9437184,4.38
124,4,8,500,1073741824,150,1,204800,1.062
125,4,8,500,1073741824,150,1,9437184,0.996
126,4,8,500,1073741824,150,100,204800,77.732
127,4,8,500,1073741824,150,100,9437184,87.62799999999999
128,1,1,255,10485760,76,51,204800,16.459
129,1,1,255,10485760,76,51,9437184,16.33
130,1,1,255,1073741824,76,51,204800,25.26
131,1,1,255,1073741824,76,51,9437184,24.666999999999998
132,1,8,255,10485760,76,51,204800,16.042
133,1,8,255,10485760,76,51,9437184,16.439
134,1,8,255,1073741824,76,51,204800,27.340999999999998
135,1,8,255,1073741824,76,51,9437184,25.686999999999998
136,4,1,255,10485760,76,51,204800,17.024
137,4,1,255,10485760,76,51,9437184,16.188
138,4,1,255,1073741824,76,51,204800,31.99
139,4,1,255,1073741824,76,51,9437184,28.019000000000002
140,4,8,255,10485760,76,51,204800,26.756
141,4,8,255,10485760,76,51,9437184,40.736
142,4,8,255,1073741824,76,51,204800,49.869
143,4,8,255,1073741824,76,51,9437184,41.641999999999996
144,1,1,133,10485760,39,26,204800,7.796
145,1,1,133,10485760,39,26,9437184,7.641
146,1,1,133,10485760,39,76,204800,22.318
147,1,1,133,10485760,39,76,9437184,22.158
148,1,1,133,10485760,113,26,204800,21.478
149,1,1,133,10485760,113,26,9437184,20.612
150,1,1,133,10485760,113,76,204800,55.568000000000005
151,1,1,133,10485760,113,76,9437184,56.617
152,1,1,133,1073741824,39,26,204800,10.876
153,1,1,133,1073741824,39,26,9437184,10.064
154,1,1,133,1073741824,39,76,204800,29.523000000000003
155,1,1,133,1073741824,39,76,9437184,29.531
156,1,1,133,1073741824,113,26,204800,28.066999999999997
157,1,1,133,1073741824,113,26,9437184,27.807
158,1,1,133,1073741824,113,76,204800,73.835
159,1,1,133,1073741824,113,76,9437184,64.568
160,1,1,378,10485760,39,26,204800,5.077
161,1,1,378,10485760,39,26,9437184,4.863
162,1,1,378,10485760,39,76,204800,13.699000000000002
163,1,1,378,10485760,39,76,9437184,13.819
164,1,1,378,10485760,113,26,204800,11.829
165,1,1,378,10485760,113,26,9437184,12.122
166,1,1,378,10485760,113,76,204800,32.842
167,1,1,378,10485760,113,76,9437184,34.216
168,1,1,378,1073741824,39,26,204800,7.271
169,1,1,378,1073741824,39,26,9437184,7.194
170,1,1,378,1073741824,39,76,204800,20.910999999999998
171,1,1,378,1073741824,39,76,9437184,21.166
172,1,1,378,1073741824,113,26,204800,18.4
173,1,1,378,1073741824,113,26,9437184,18.000999999999998
174,1,1,378,1073741824,113,76,204800,46.733000000000004
175,1,1,378,1073741824,113,76,9437184,47.438
176,1,8,133,10485760,39,26,204800,8.057
177,1,8,133,10485760,39,26,9437184,7.596
178,1,8,133,10485760,39,76,204800,21.754
179,1,8,133,10485760,39,76,9437184,21.747
180,1,8,133,10485760,113,26,204800,20.774
181,1,8,133,10485760,113,26,9437184,21.105999999999998
182,1,8,133,10485760,113,76,204800,53.8
183,1,8,133,10485760,113,76,9437184,54.398999999999994
184,1,8,133,1073741824,39,26,204800,10.769
185,1,8,133,1073741824,39,26,9437184,10.18
186,1,8,133,1073741824,39,76,204800,29.28
187,1,8,133,1073741824,39,76,9437184,31.12
188,1,8,133,1073741824,113,26,204800,37.291
189,1,8,133,1073741824,113,26,9437184,27.287
190,1,8,133,1073741824,113,76,204800,73.211
191,1,8,133,1073741824,113,76,9437184,70.07300000000001
192,1,8,378,10485760,39,26,204800,4.838
193,1,8,378,10485760,39,26,9437184,4.512
194,1,8,378,10485760,39,76,204800,13.335999999999999
195,1,8,378,10485760,39,76,9437184,13.253
196,1,8,378,10485760,113,26,204800,11.987
197,1,8,378,10485760,113,26,9437184,11.886
198,1,8,378,10485760,113,76,204800,32.5
199,1,8,378,10485760,113,76,9437184,32.419000000000004
200,1,8,378,1073741824,39,26,204800,7.74
201,1,8,378,1073741824,39,26,9437184,7.159
202,1,8,378,1073741824,39,76,204800,20.631
203,1,8,378,1073741824,39,76,9437184,23.004
204,1,8,378,1073741824,113,26,204800,18.472
205,1,8,378,1073741824,113,26,9437184,18.544
206,1,8,378,1073741824,113,76,204800,50.824
207,1,8,378,1073741824,113,76,9437184,52.032
208,4,1,133,10485760,39,26,204800,7.829
209,4,1,133,10485760,39,26,9437184,7.6160000000000005
210,4,1,133,10485760,39,76,204800,22.151
211,4,1,133,10485760,39,76,9437184,21.706999999999997
212,4,1,133,10485760,113,26,204800,20.097
213,4,1,133,10485760,113,26,9437184,21.052
214,4,1,133,10485760,113,76,204800,54.617
215,4,1,133,10485760,113,76,9437184,51.823
216,4,1,133,1073741824,39,26,204800,10.614
217,4,1,133,1073741824,39,26,9437184,10.97
218,4,1,133,1073741824,39,76,204800,39.458
219,4,1,133,1073741824,39,76,9437184,29.493000000000002
220,4,1,133,1073741824,113,26,204800,27.506999999999998
221,4,1,133,1073741824,113,26,9437184,27.346
222,4,1,133,1073741824,113,76,204800,75.857
223,4,1,133,1073741824,113,76,9437184,70.764
224,4,1,378,10485760,39,26,204800,4.954
225,4,1,378,10485760,39,26,9437184,4.559
226,4,1,378,10485760,39,76,204800,13.349
227,4,1,378,10485760,39,76,9437184,13.734000000000002
228,4,1,378,10485760,113,26,204800,12.137
229,4,1,378,10485760,113,26,9437184,12.359000000000002
230,4,1,378,10485760,113,76,204800,32.909
231,4,1,378,10485760,113,76,9437184,32.634
232,4,1,378,1073741824,39,26,204800,7.359
233,4,1,378,1073741824,39,26,9437184,7.312
234,4,1,378,1073741824,39,76,204800,22.018
235,4,1,378,1073741824,39,76,9437184,22.434
236,4,1,378,1073741824,113,26,204800,155.66299999999998
237,4,1,378,1073741824,113,26,9437184,35.544000000000004
238,4,1,378,1073741824,113,76,204800,91.098
239,4,1,378,1073741824,113,76,9437184,88.125
240,4,8,133,10485760,39,26,204800,7.622999999999999
241,4,8,133,10485760,39,26,9437184,7.45
242,4,8,133,10485760,39,76,204800,21.743000000000002
243,4,8,133,10485760,39,76,9437184,21.744
244,4,8,133,10485760,113,26,204800,20.259
245,4,8,133,10485760,113,26,9437184,20.82
246,4,8,133,10485760,113,76,204800,57.276
247,4,8,133,10485760,113,76,9437184,53.771
248,4,8,133,1073741824,39,26,204800,10.588
249,4,8,133,1073741824,39,26,9437184,11.309000000000001
250,4,8,133,1073741824,39,76,204800,28.563000000000002
251,4,8,133,1073741824,39,76,9437184,28.820999999999998
252,4,8,133,1073741824,113,26,204800,26.671
253,4,8,133,1073741824,113,26,9437184,25.873
254,4,8,133,1073741824,113,76,204800,70.37899999999999
255,4,8,133,1073741824,113,76,9437184,76.48100000000001
256,4,8,378,10485760,39,26,204800,4.828
257,4,8,378,10485760,39,26,9437184,4.7010000000000005
258,4,8,378,10485760,39,76,204800,13.241
259,4,8,378,10485760,39,76,9437184,13.011
260,4,8,378,10485760,113,26,204800,12.179
261,4,8,378,10485760,113,26,9437184,11.81
262,4,8,378,10485760,113,76,204800,33.851
263,4,8,378,10485760,113,76,9437184,32.400999999999996
264,4,8,378,1073741824,39,26,204800,8.102
265,4,8,378,1073741824,39,26,9437184,7.683
266,4,8,378,1073741824,39,76,204800,23.229
267,4,8,378,1073741824,39,76,9437184,21.304000000000002
268,4,8,378,1073741824,113,26,204800,18.961
269,4,8,378,1073741824,113,26,9437184,19.073
270,4,8,378,1073741824,113,76,204800,48.581
271,4,8,378,1073741824,113,76,9437184,51.17100000000001
272,1,1,194,10485760,20,14,204800,1.565
273,1,1,194,10485760,20,14,9437184,1.4809999999999999
274,1,1,194,10485760,20,39,204800,4.093
275,1,1,194,10485760,20,39,9437184,4.152
276,1,1,194,10485760,20,64,204800,6.857
277,1,1,194,10485760,20,64,9437184,6.8020000000000005
278,1,1,194,10485760,20,88,204800,9.162
279,1,1,194,10485760,20,88,9437184,9.146
280,1,1,194,10485760,58,14,204800,4.069
281,1,1,194,10485760,58,14,9437184,4.0489999999999995
282,1,1,194,10485760,58,39,204800,11.025
283,1,1,194,10485760,58,39,9437184,10.904000000000002
284,1,1,194,10485760,58,64,204800,17.144000000000002
285,1,1,194,10485760,58,64,9437184,17.704
286,1,1,194,10485760,58,88,204800,23.432
287,1,1,194,10485760,58,88,9437184,22.768
288,1,1,194,10485760,95,14,204800,6.57
289,1,1,194,10485760,95,14,9437184,6.547999999999999
290,1,1,194,10485760,95,39,204800,18.324
291,1,1,194,10485760,95,39,9437184,17.215
292,1,1,194,10485760,95,64,204800,28.125
293,1,1,194,10485760,95,64,9437184,28.668000000000003
294,1,1,194,10485760,95,88,204800,36.624
295,1,1,194,10485760,95,88,9437184,38.308
296,1,1,194,10485760,132,14,204800,9.05
297,1,1,194,10485760,132,14,9437184,8.976
298,1,1,194,10485760,132,39,204800,23.295
299,1,1,194,10485760,132,39,9437184,24.61
300,1,1,194,10485760,132,64,204800,37.163000000000004
301,1,1,194,10485760,132,64,9437184,37.885
302,1,1,194,10485760,132,88,204800,49.525
303,1,1,194,10485760,132,88,9437184,47.25
304,1,1,194,1073741824,20,14,204800,2.19
305,1,1,194,1073741824,20,14,9437184,2.124
306,1,1,194,1073741824,20,39,204800,5.926
307,1,1,194,1073741824,20,39,9437184,5.987
308,1,1,194,1073741824,20,64,204800,9.511000000000001
309,1,1,194,1073741824,20,64,9437184,9.441
310,1,1,194,1073741824,20,88,204800,13.345
311,1,1,194,1073741824,20,88,9437184,13.713
312,1,1,194,1073741824,58,14,204800,5.979
313,1,1,194,1073741824,58,14,9437184,5.87
314,1,1,194,1073741824,58,39,204800,16.354
315,1,1,194,1073741824,58,39,9437184,15.772
316,1,1,194,1073741824,58,64,204800,25.773000000000003
317,1,1,194,1073741824,58,64,9437184,24.873
318,1,1,194,1073741824,58,88,204800,34.749
319,1,1,194,1073741824,58,88,9437184,33.595
320,1,1,194,1073741824,95,14,204800,9.727
321,1,1,194,1073741824,95,14,9437184,9.496
322,1,1,194,1073741824,95,39,204800,26.74
323,1,1,194,1073741824,95,39,9437184,26.215999999999998
324,1,1,194,1073741824,95,64,204800,39.519
325,1,1,194,1073741824,95,64,9437184,40.431999999999995
326,1,1,194,1073741824,95,88,204800,54.038000000000004
327,1,1,194,1073741824,95,88,9437184,51.343
328,1,1,194,1073741824,132,14,204800,13.120999999999999
329,1,1,194,1073741824,132,14,9437184,13.509
330,1,1,194,1073741824,132,39,204800,33.354
331,1,1,194,1073741824,132,39,9437184,34.927
332,1,1,194,1073741824,132,64,204800,53.718
333,1,1,194,1073741824,132,64,9437184,98.764
334,1,1,194,1073741824,132,88,204800,119.432
335,1,1,194,1073741824,132,88,9437184,110.209
336,1,1,317,10485760,20,14,204800,1.411
337,1,1,317,10485760,20,14,9437184,1.411
338,1,1,317,10485760,20,39,204800,3.909
339,1,1,317,10485760,20,39,9437184,4.027
340,1,1,317,10485760,20,64,204800,6.428999999999999
341,1,1,317,10485760,20,64,9437184,6.446000000000001
342,1,1,317,10485760,20,88,204800,9.059
343,1,1,317,10485760,20,88,9437184,8.847000000000001
344,1,1,317,10485760,58,14,204800,3.593
345,1,1,317,10485760,58,14,9437184,3.592
346,1,1,317,10485760,58,39,204800,9.993
347,1,1,317,10485760,58,39,9437184,9.914
348,1,1,317,10485760,58,64,204800,16.743
349,1,1,317,10485760,58,64,9437184,16.364
350,1,1,317,10485760,58,88,204800,22.311999999999998
351,1,1,317,10485760,58,88,9437184,22.511
352,1,1,317,10485760,95,14,204800,5.468999999999999
353,1,1,317,10485760,95,14,9437184,5.608
354,1,1,317,10485760,95,39,204800,14.925
355,1,1,317,10485760,95,39,9437184,15.110999999999999
356,1,1,317,10485760,95,64,204800,23.06
357,1,1,317,10485760,95,64,9437184,22.590999999999998
358,1,1,317,10485760,95,88,204800,29.68
359,1,1,317,10485760,95,88,9437184,29.730999999999998
360,1,1,317,10485760,132,14,204800,7.285
361,1,1,317,10485760,132,14,9437184,7.438
362,1,1,317,10485760,132,39,204800,20.162
363,1,1,317,10485760,132,39,9437184,20.320999999999998
364,1,1,317,10485760,132,64,204800,32.3
365,1,1,317,10485760,132,64,9437184,31.631
366,1,1,317,10485760,132,88,204800,40.937
367,1,1,317,10485760,132,88,9437184,42.402
368,1,1,317,1073741824,20,14,204800,2.1919999999999997
369,1,1,317,1073741824,20,14,9437184,2.057
370,1,1,317,1073741824,20,39,204800,5.995
371,1,1,317,1073741824,20,39,9437184,5.897
372,1,1,317,1073741824,20,64,204800,10.038
373,1,1,317,1073741824,20,64,9437184,9.767999999999999
374,1,1,317,1073741824,20,88,204800,13.43
375,1,1,317,1073741824,20,88,9437184,13.481
376,1,1,317,1073741824,58,14,204800,5.669
377,1,1,317,1073741824,58,14,9437184,5.832999999999999
378,1,1,317,1073741824,58,39,204800,15.569
379,1,1,317,1073741824,58,39,9437184,15.807
380,1,1,317,1073741824,58,64,204800,24.058000000000003
381,1,1,317,1073741824,58,64,9437184,24.82
382,1,1,317,1073741824,58,88,204800,31.909000000000002
383,1,1,317,1073741824,58,88,9437184,33.931999999999995
384,1,1,317,1073741824,95,14,204800,8.752
385,1,1,317,1073741824,95,14,9437184,8.767000000000001
386,1,1,317,1073741824,95,39,204800,22.958000000000002
387,1,1,317,1073741824,95,39,9437184,22.629
388,1,1,317,1073741824,95,64,204800,37.961
389,1,1,317,1073741824,95,64,9437184,37.055
390,1,1,317,1073741824,95,88,204800,46.685
391,1,1,317,1073741824,95,88,9437184,49.193000000000005
392,1,1,317,1073741824,132,14,204800,12.244000000000002
393,1,1,317,1073741824,132,14,9437184,11.835999999999999
394,1,1,317,1073741824,132,39,204800,31.263
395,1,1,317,1073741824,132,39,9437184,30.268
396,1,1,317,1073741824,132,64,204800,47.648
397,1,1,317,1073741824,132,64,9437184,49.891999999999996
398,1,1,317,1073741824,132,88,204800,60.336000000000006
399,1,1,317,1073741824,132,88,9437184,68.596
400,1,1,439,10485760,20,14,204800,1.526
401,1,1,439,10485760,20,14,9437184,1.4369999999999998
402,1,1,439,10485760,20,39,204800,3.923
403,1,1,439,10485760,20,39,9437184,4.019
404,1,1,439,10485760,20,64,204800,6.412000000000001
405,1,1,439,10485760,20,64,9437184,6.724
406,1,1,439,10485760,20,88,204800,8.837
407,1,1,439,10485760,20,88,9437184,8.866
408,1,1,439,10485760,58,14,204800,3.6719999999999997
409,1,1,439,10485760,58,14,9437184,3.58
410,1,1,439,10485760,58,39,204800,9.943999999999999
411,1,1,439,10485760,58,39,9437184,10.269
412,1,1,439,10485760,58,64,204800,16.643
413,1,1,439,10485760,58,64,9437184,16.399
414,1,1,439,10485760,58,88,204800,22.590999999999998
415,1,1,439,10485760,58,88,9437184,23.107
416,1,1,439,10485760,95,14,204800,5.591
417,1,1,439,10485760,95,14,9437184,5.306
418,1,1,439,10485760,95,39,204800,14.492
419,1,1,439,10485760,95,39,9437184,15.249
420,1,1,439,10485760,95,64,204800,23.698
421,1,1,439,10485760,95,64,9437184,23.723000000000003
422,1,1,439,10485760,95,88,204800,30.976
423,1,1,439,10485760,95,88,9437184,31.146
424,1,1,439,10485760,132,14,204800,7.67
425,1,1,439,10485760,132,14,9437184,7.403
426,1,1,439,10485760,132,39,204800,20.671999999999997
427,1,1,439,10485760,132,39,9437184,19.664
428,1,1,439,10485760,132,64,204800,31.105
429,1,1,439,10485760,132,64,9437184,31.86
430,1,1,439,10485760,132,88,204800,40.258
431,1,1,439,10485760,132,88,9437184,39.696
432,1,1,439,1073741824,20,14,204800,2.181
433,1,1,439,1073741824,20,14,9437184,4.795
434,1,1,439,1073741824,20,39,204800,10.17
435,1,1,439,1073741824,20,39,9437184,9.058
436,1,1,439,1073741824,20,64,204800,14.847000000000001
437,1,1,439,1073741824,20,64,9437184,14.571
438,1,1,439,1073741824,20,88,204800,19.894000000000002
439,1,1,439,1073741824,20,88,9437184,12.057
440,1,1,439,1073741824,58,14,204800,5.396
441,1,1,439,1073741824,58,14,9437184,5.417000000000001
442,1,1,439,1073741824,58,39,204800,14.585
443,1,1,439,1073741824,58,39,9437184,14.682
444,1,1,439,1073741824,58,64,204800,23.57
445,1,1,439,1073741824,58,64,9437184,24.287
446,1,1,439,1073741824,58,88,204800,31.445999999999998
447,1,1,439,1073741824,58,88,9437184,32.58
448,1,1,439,1073741824,95,14,204800,8.461
449,1,1,439,1073741824,95,14,9437184,8.868
450,1,1,439,1073741824,95,39,204800,22.145
451,1,1,439,1073741824,95,39,9437184,22.569000000000003
452,1,1,439,1073741824,95,64,204800,37.603
453,1,1,439,1073741824,95,64,9437184,38.439
454,1,1,439,1073741824,95,88,204800,48.873999999999995
455,1,1,439,1073741824,95,88,9437184,47.244
456,1,1,439,1073741824,132,14,204800,11.82
457,1,1,439,1073741824,132,14,9437184,11.879000000000001
458,1,1,439,1073741824,132,39,204800,30.166999999999998
459,1,1,439,1073741824,132,39,9437184,29.146
460,1,1,439,1073741824,132,64,204800,48.004
461,1,1,439,1073741824,132,64,9437184,47.841
462,1,1,439,1073741824,132,88,204800,62.901
463,1,1,439,1073741824,132,88,9437184,66.916
464,1,1,72,10485760,20,14,204800,3.9930000000000003
465,1,1,72,10485760,20,14,9437184,3.888
466,1,1,72,10485760,20,39,204800,10.839
467,1,1,72,10485760,20,39,9437184,10.777999999999999
468,1,1,72,10485760,20,64,204800,17.723
469,1,1,72,10485760,20,64,9437184,17.327
470,1,1,72,10485760,20,88,204800,24.373
471,1,1,72,10485760,20,88,9437184,24.675
472,1,1,72,10485760,58,14,204800,10.42
473,1,1,72,10485760,58,14,9437184,10.82
474,1,1,72,10485760,58,39,204800,28.541999999999998
475,1,1,72,10485760,58,39,9437184,26.855
476,1,1,72,10485760,58,64,204800,41.507
477,1,1,72,10485760,58,64,9437184,45.0
478,1,1,72,10485760,58,88,204800,64.352
479,1,1,72,10485760,58,88,9437184,60.925
480,1,1,72,10485760,95,14,204800,18.0
481,1,1,72,10485760,95,14,9437184,17.291
482,1,1,72,10485760,95,39,204800,44.818000000000005
483,1,1,72,10485760,95,39,9437184,42.381
484,1,1,72,10485760,95,64,204800,70.093
485,1,1,72,10485760,95,64,9437184,61.196999999999996
486,1,1,72,10485760,95,88,204800,100.992
487,1,1,72,10485760,95,88,9437184,96.01
488,1,1,72,10485760,132,14,204800,24.936
489,1,1,72,10485760,132,14,9437184,24.669
490,1,1,72,10485760,132,39,204800,65.495
491,1,1,72,10485760,132,39,9437184,64.542
492,1,1,72,10485760,132,64,204800,98.939
493,1,1,72,10485760,132,64,9437184,94.521
494,1,1,72,10485760,132,88,204800,175.858
495,1,1,72,10485760,132,88,9437184,150.447
496,1,1,72,1073741824,20,14,204800,4.316
497,1,1,72,1073741824,20,14,9437184,4.181
498,1,1,72,1073741824,20,39,204800,12.307
499,1,1,72,1073741824,20,39,9437184,12.405999999999999
500,1,1,72,1073741824,20,64,204800,19.691
501,1,1,72,1073741824,20,64,9437184,19.567999999999998
502,1,1,72,1073741824,20,88,204800,27.430999999999997
503,1,1,72,1073741824,20,88,9437184,28.253
504,1,1,72,1073741824,58,14,204800,12.036
505,1,1,72,1073741824,58,14,9437184,11.974
506,1,1,72,1073741824,58,39,204800,31.099
507,1,1,72,1073741824,58,39,9437184,30.93
508,1,1,72,1073741824,58,64,204800,50.034
509,1,1,72,1073741824,58,64,9437184,48.105
510,1,1,72,1073741824,58,88,204800,66.467
511,1,1,72,1073741824,58,88,9437184,71.298
512,1,1,72,1073741824,95,14,204800,19.27
513,1,1,72,1073741824,95,14,9437184,19.66
514,1,1,72,1073741824,95,39,204800,44.483999999999995
515,1,1,72,1073741824,95,39,9437184,53.701
516,1,1,72,1073741824,95,64,204800,69.816
517,1,1,72,1073741824,95,64,9437184,83.285
518,1,1,72,1073741824,95,88,204800,115.501
519,1,1,72,1073741824,95,88,9437184,104.839
520,1,1,72,1073741824,132,14,204800,27.089000000000002
521,1,1,72,1073741824,132,14,9437184,26.834
522,1,1,72,1073741824,132,39,204800,66.92
523,1,1,72,1073741824,132,39,9437184,73.722
524,1,1,72,1073741824,132,64,204800,102.244
525,1,1,72,1073741824,132,64,9437184,125.274
526,1,1,72,1073741824,132,88,204800,179.858
527,1,1,72,1073741824,132,88,9437184,137.084
528,1,8,194,10485760,20,14,204800,1.598
529,1,8,194,10485760,20,14,9437184,1.4809999999999999
530,1,8,194,10485760,20,39,204800,4.071000000000001
531,1,8,194,10485760,20,39,9437184,4.188
532,1,8,194,10485760,20,64,204800,6.678
533,1,8,194,10485760,20,64,9437184,6.874
534,1,8,194,10485760,20,88,204800,9.204
535,1,8,194,10485760,20,88,9437184,9.221
536,1,8,194,10485760,58,14,204800,4.071000000000001
537,1,8,194,10485760,58,14,9437184,4.163
538,1,8,194,10485760,58,39,204800,11.610999999999999
539,1,8,194,10485760,58,39,9437184,11.255999999999998
540,1,8,194,10485760,58,64,204800,18.625999999999998
541,1,8,194,10485760,58,64,9437184,18.665
542,1,8,194,10485760,58,88,204800,25.572
543,1,8,194,10485760,58,88,9437184,26.081999999999997
544,1,8,194,10485760,95,14,204800,6.653
545,1,8,194,10485760,95,14,9437184,6.76
546,1,8,194,10485760,95,39,204800,17.340999999999998
547,1,8,194,10485760,95,39,9437184,18.97
548,1,8,194,10485760,95,64,204800,28.051
549,1,8,194,10485760,95,64,9437184,26.701999999999998
550,1,8,194,10485760,95,88,204800,37.378
551,1,8,194,10485760,95,88,9437184,38.84
552,1,8,194,10485760,132,14,204800,8.958
553,1,8,194,10485760,132,14,9437184,9.231
554,1,8,194,10485760,132,39,204800,23.944000000000003
555,1,8,194,10485760,132,39,9437184,25.331999999999997
556,1,8,194,10485760,132,64,204800,38.722
557,1,8,194,10485760,132,64,9437184,35.268
558,1,8,194,10485760,132,88,204800,51.54600000000001
559,1,8,194,10485760,132,88,9437184,51.54
560,1,8,194,1073741824,20,14,204800,2.151
561,1,8,194,1073741824,20,14,9437184,2.1959999999999997
562,1,8,194,1073741824,20,39,204800,5.9510000000000005
563,1,8,194,1073741824,20,39,9437184,6.169
564,1,8,194,1073741824,20,64,204800,9.951
565,1,8,194,1073741824,20,64,9437184,10.48
566,1,8,194,1073741824,20,88,204800,13.902999999999999
567,1,8,194,1073741824,20,88,9437184,14.283
568,1,8,194,1073741824,58,14,204800,6.547999999999999
569,1,8,194,1073741824,58,14,9437184,6.12
570,1,8,194,1073741824,58,39,204800,17.585
571,1,8,194,1073741824,58,39,9437184,16.840999999999998
572,1,8,194,1073741824,58,64,204800,25.893
573,1,8,194,1073741824,58,64,9437184,26.433000000000003
574,1,8,194,1073741824,58,88,204800,34.534
575,1,8,194,1073741824,58,88,9437184,35.424
576,1,8,194,1073741824,95,14,204800,9.735
577,1,8,194,1073741824,95,14,9437184,10.192
578,1,8,194,1073741824,95,39,204800,25.914
579,1,8,194,1073741824,95,39,9437184,27.151999999999997
580,1,8,194,1073741824,95,64,204800,46.152
581,1,8,194,1073741824,95,64,9437184,41.81399999999999
582,1,8,194,1073741824,95,88,204800,52.312
583,1,8,194,1073741824,95,88,9437184,52.731
584,1,8,194,1073741824,132,14,204800,13.202
585,1,8,194,1073741824,132,14,9437184,13.706
586,1,8,194,1073741824,132,39,204800,35.676
587,1,8,194,1073741824,132,39,9437184,34.229
588,1,8,194,1073741824,132,64,204800,53.974
589,1,8,194,1073741824,132,64,9437184,52.727
590,1,8,194,1073741824,132,88,204800,69.204
591,1,8,194,1073741824,132,88,9437184,85.694
592,1,8,317,10485760,20,14,204800,1.511
593,1,8,317,10485760,20,14,9437184,1.444
594,1,8,317,10485760,20,39,204800,3.995
595,1,8,317,10485760,20,39,9437184,4.02
596,1,8,317,10485760,20,64,204800,6.433
597,1,8,317,10485760,20,64,9437184,6.446000000000001
598,1,8,317,10485760,20,88,204800,8.883
599,1,8,317,10485760,20,88,9437184,8.999
600,1,8,317,10485760,58,14,204800,3.609
601,1,8,317,10485760,58,14,9437184,3.5460000000000003
602,1,8,317,10485760,58,39,204800,9.716000000000001
603,1,8,317,10485760,58,39,9437184,9.737
604,1,8,317,10485760,58,64,204800,15.318
605,1,8,317,10485760,58,64,9437184,15.404000000000002
606,1,8,317,10485760,58,88,204800,21.581
607,1,8,317,10485760,58,88,9437184,21.072
608,1,8,317,10485760,95,14,204800,5.392
609,1,8,317,10485760,95,14,9437184,5.35
610,1,8,317,10485760,95,39,204800,14.542
611,1,8,317,10485760,95,39,9437184,14.321
612,1,8,317,10485760,95,64,204800,22.566999999999997
613,1,8,317,10485760,95,64,9437184,23.315
614,1,8,317,10485760,95,88,204800,30.684
615,1,8,317,10485760,95,88,9437184,30.644000000000002
616,1,8,317,10485760,132,14,204800,7.529
617,1,8,317,10485760,132,14,9437184,7.4510000000000005
618,1,8,317,10485760,132,39,204800,20.121
619,1,8,317,10485760,132,39,9437184,19.422
620,1,8,317,10485760,132,64,204800,32.034
621,1,8,317,10485760,132,64,9437184,32.519
622,1,8,317,10485760,132,88,204800,39.352
623,1,8,317,10485760,132,88,9437184,40.461999999999996
624,1,8,317,1073741824,20,14,204800,2.197
625,1,8,317,1073741824,20,14,9437184,2.092
626,1,8,317,1073741824,20,39,204800,6.0920000000000005
627,1,8,317,1073741824,20,39,9437184,6.063
628,1,8,317,1073741824,20,64,204800,9.417
629,1,8,317,1073741824,20,64,9437184,9.766
630,1,8,317,1073741824,20,88,204800,13.800999999999998
631,1,8,317,1073741824,20,88,9437184,12.998
632,1,8,317,1073741824,58,14,204800,5.859
633,1,8,317,1073741824,58,14,9437184,6.367999999999999
634,1,8,317,1073741824,58,39,204800,14.91
635,1,8,317,1073741824,58,39,9437184,15.415
636,1,8,317,1073741824,58,64,204800,25.493000000000002
637,1,8,317,1073741824,58,64,9437184,25.921999999999997
638,1,8,317,1073741824,58,88,204800,36.316
639,1,8,317,1073741824,58,88,9437184,34.381
640,1,8,317,1073741824,95,14,204800,9.298
641,1,8,317,1073741824,95,14,9437184,9.517999999999999
642,1,8,317,1073741824,95,39,204800,26.230999999999998
643,1,8,317,1073741824,95,39,9437184,26.96
644,1,8,317,1073741824,95,64,204800,39.55
645,1,8,317,1073741824,95,64,9437184,39.46
646,1,8,317,1073741824,95,88,204800,52.082
647,1,8,317,1073741824,95,88,9437184,52.24
648,1,8,317,1073741824,132,14,204800,12.581
649,1,8,317,1073741824,132,14,9437184,12.005999999999998
650,1,8,317,1073741824,132,39,204800,33.805
651,1,8,317,1073741824,132,39,9437184,33.246
652,1,8,317,1073741824,132,64,204800,63.316
653,1,8,317,1073741824,132,64,9437184,50.091
654,1,8,317,1073741824,132,88,204800,68.391
655,1,8,317,1073741824,132,88,9437184,70.53
656,1,8,439,10485760,20,14,204800,1.5619999999999998
657,1,8,439,10485760,20,14,9437184,1.439
658,1,8,439,10485760,20,39,204800,4.019
659,1,8,439,10485760,20,39,9437184,4.022
660,1,8,439,10485760,20,64,204800,6.563
661,1,8,439,10485760,20,64,9437184,6.443
662,1,8,439,10485760,20,88,204800,9.077
663,1,8,439,10485760,20,88,9437184,9.094
664,1,8,439,10485760,58,14,204800,3.5869999999999997
665,1,8,439,10485760,58,14,9437184,3.6630000000000003
666,1,8,439,10485760,58,39,204800,9.982000000000001
667,1,8,439,10485760,58,39,9437184,9.767999999999999
668,1,8,439,10485760,58,64,204800,15.633
669,1,8,439,10485760,58,64,9437184,15.475999999999999
670,1,8,439,10485760,58,88,204800,20.525
671,1,8,439,10485760,58,88,9437184,21.264
672,1,8,439,10485760,95,14,204800,5.45
673,1,8,439,10485760,95,14,9437184,5.392
674,1,8,439,10485760,95,39,204800,14.657
675,1,8,439,10485760,95,39,9437184,14.632
676,1,8,439,10485760,95,64,204800,22.404
677,1,8,439,10485760,95,64,9437184,23.159000000000002
678,1,8,439,10485760,95,88,204800,30.215
679,1,8,439,10485760,95,88,9437184,31.05
680,1,8,439,10485760,132,14,204800,7.5089999999999995
681,1,8,439,10485760,132,14,9437184,7.898
682,1,8,439,10485760,132,39,204800,19.211
683,1,8,439,10485760,132,39,9437184,20.108
684,1,8,439,10485760,132,64,204800,30.709
685,1,8,439,10485760,132,64,9437184,31.538
686,1,8,439,10485760,132,88,204800,39.007
687,1,8,439,10485760,132,88,9437184,41.744
688,1,8,439,1073741824,20,14,204800,2.241
689,1,8,439,1073741824,20,14,9437184,2.096
690,1,8,439,1073741824,20,39,204800,5.747000000000001
691,1,8,439,1073741824,20,39,9437184,5.971
692,1,8,439,1073741824,20,64,204800,9.537
693,1,8,439,1073741824,20,64,9437184,10.870999999999999
694,1,8,439,1073741824,20,88,204800,13.749
695,1,8,439,1073741824,20,88,9437184,13.633
696,1,8,439,1073741824,58,14,204800,5.9079999999999995
697,1,8,439,1073741824,58,14,9437184,5.983
698,1,8,439,1073741824,58,39,204800,23.555999999999997
699,1,8,439,1073741824,58,39,9437184,15.53
700,1,8,439,1073741824,58,64,204800,23.863000000000003
701,1,8,439,1073741824,58,64,9437184,24.109
702,1,8,439,1073741824,58,88,204800,32.205
703,1,8,439,1073741824,58,88,9437184,32.935
704,1,8,439,1073741824,95,14,204800,8.895
705,1,8,439,1073741824,95,14,9437184,8.939
706,1,8,439,1073741824,95,39,204800,24.605
707,1,8,439,1073741824,95,39,9437184,25.011999999999997
708,1,8,439,1073741824,95,64,204800,38.246
709,1,8,439,1073741824,95,64,9437184,43.187
710,1,8,439,1073741824,95,88,204800,50.159
711,1,8,439,1073741824,95,88,9437184,51.516999999999996
712,1,8,439,1073741824,132,14,204800,11.712
713,1,8,439,1073741824,132,14,9437184,11.673
714,1,8,439,1073741824,132,39,204800,31.511999999999997
715,1,8,439,1073741824,132,39,9437184,32.788000000000004
716,1,8,439,1073741824,132,64,204800,47.762
717,1,8,439,1073741824,132,64,9437184,51.824
718,1,8,439,1073741824,132,88,204800,80.89
719,1,8,439,1073741824,132,88,9437184,72.548
720,1,8,72,10485760,20,14,204800,4.015
721,1,8,72,10485760,20,14,9437184,3.872
722,1,8,72,10485760,20,39,204800,10.584000000000001
723,1,8,72,10485760,20,39,9437184,10.775
724,1,8,72,10485760,20,64,204800,17.362000000000002
725,1,8,72,10485760,20,64,9437184,17.599
726,1,8,72,10485760,20,88,204800,23.874000000000002
727,1,8,72,10485760,20,88,9437184,23.83
728,1,8,72,10485760,58,14,204800,10.883
729,1,8,72,10485760,58,14,9437184,10.979000000000001
730,1,8,72,10485760,58,39,204800,26.855
731,1,8,72,10485760,58,39,9437184,29.271
732,1,8,72,10485760,58,64,204800,44.567
733,1,8,72,10485760,58,64,9437184,46.151
734,1,8,72,10485760,58,88,204800,61.083999999999996
735,1,8,72,10485760,58,88,9437184,56.011
736,1,8,72,10485760,95,14,204800,17.191
737,1,8,72,10485760,95,14,9437184,16.953
738,1,8,72,10485760,95,39,204800,41.516999999999996
739,1,8,72,10485760,95,39,9437184,45.363
740,1,8,72,10485760,95,64,204800,71.295
741,1,8,72,10485760,95,64,9437184,62.74
742,1,8,72,10485760,95,88,204800,84.821
743,1,8,72,10485760,95,88,9437184,98.272
744,1,8,72,10485760,132,14,204800,24.005
745,1,8,72,10485760,132,14,9437184,24.15
746,1,8,72,10485760,132,39,204800,66.039
747,1,8,72,10485760,132,39,9437184,62.83
748,1,8,72,10485760,132,64,204800,100.699
749,1,8,72,10485760,132,64,9437184,94.301
750,1,8,72,10485760,132,88,204800,122.815
751,1,8,72,10485760,132,88,9437184,139.225
752,1,8,72,1073741824,20,14,204800,4.476
753,1,8,72,1073741824,20,14,9437184,4.282
754,1,8,72,1073741824,20,39,204800,12.642999999999999
755,1,8,72,1073741824,20,39,9437184,12.349
756,1,8,72,1073741824,20,64,204800,20.558000000000003
757,1,8,72,1073741824,20,64,9437184,20.244
758,1,8,72,1073741824,20,88,204800,27.965
759,1,8,72,1073741824,20,88,9437184,26.86
760,1,8,72,1073741824,58,14,204800,12.899000000000001
761,1,8,72,1073741824,58,14,9437184,12.424000000000001
762,1,8,72,1073741824,58,39,204800,32.214
763,1,8,72,1073741824,58,39,9437184,32.694
764,1,8,72,1073741824,58,64,204800,49.383
765,1,8,72,1073741824,58,64,9437184,50.051
766,1,8,72,1073741824,58,88,204800,55.805
767,1,8,72,1073741824,58,88,9437184,67.982
768,1,8,72,1073741824,95,14,204800,19.444000000000003
769,1,8,72,1073741824,95,14,9437184,19.8
770,1,8,72,1073741824,95,39,204800,49.455
771,1,8,72,1073741824,95,39,9437184,53.821000000000005
772,1,8,72,1073741824,95,64,204800,77.399
773,1,8,72,1073741824,95,64,9437184,83.82600000000001
774,1,8,72,1073741824,95,88,204800,102.5
775,1,8,72,1073741824,95,88,9437184,97.177
776,1,8,72,1073741824,132,14,204800,28.296999999999997
777,1,8,72,1073741824,132,14,9437184,27.243000000000002
778,1,8,72,1073741824,132,39,204800,72.512
779,1,8,72,1073741824,132,39,9437184,65.626
780,1,8,72,1073741824,132,64,204800,107.315
781,1,8,72,1073741824,132,64,9437184,101.75399999999999
782,1,8,72,1073741824,132,88,204800,140.308
783,1,8,72,1073741824,132,88,9437184,144.92
784,4,1,194,10485760,20,14,204800,1.5759999999999998
785,4,1,194,10485760,20,14,9437184,1.538
786,4,1,194,10485760,20,39,204800,4.17
787,4,1,194,10485760,20,39,9437184,4.275
788,4,1,194,10485760,20,64,204800,6.691
789,4,1,194,10485760,20,64,9437184,7.271
790,4,1,194,10485760,20,88,204800,9.205
791,4,1,194,10485760,20,88,9437184,9.402000000000001
792,4,1,194,10485760,58,14,204800,4.079
793,4,1,194,10485760,58,14,9437184,4.084
794,4,1,194,10485760,58,39,204800,11.592
795,4,1,194,10485760,58,39,9437184,11.193
796,4,1,194,10485760,58,64,204800,18.660999999999998
797,4,1,194,10485760,58,64,9437184,18.378
798,4,1,194,10485760,58,88,204800,24.941
799,4,1,194,10485760,58,88,9437184,25.526999999999997
800,4,1,194,10485760,95,14,204800,6.647
801,4,1,194,10485760,95,14,9437184,6.645
802,4,1,194,10485760,95,39,204800,18.982
803,4,1,194,10485760,95,39,9437184,17.53
804,4,1,194,10485760,95,64,204800,27.248
805,4,1,194,10485760,95,64,9437184,29.95
806,4,1,194,10485760,95,88,204800,38.985
807,4,1,194,10485760,95,88,9437184,38.798
808,4,1,194,10485760,132,14,204800,9.179
809,4,1,194,10485760,132,14,9437184,9.258
810,4,1,194,10485760,132,39,204800,24.476999999999997
811,4,1,194,10485760,132,39,9437184,24.954
812,4,1,194,10485760,132,64,204800,39.62
813,4,1,194,10485760,132,64,9437184,39.496
814,4,1,194,10485760,132,88,204800,49.053999999999995
815,4,1,194,10485760,132,88,9437184,52.328
816,4,1,194,1073741824,20,14,204800,2.138
817,4,1,194,1073741824,20,14,9437184,2.197
818,4,1,194,1073741824,20,39,204800,5.875
819,4,1,194,1073741824,20,39,9437184,6.178999999999999
820,4,1,194,1073741824,20,64,204800,10.127
821,4,1,194,1073741824,20,64,9437184,10.527000000000001
822,4,1,194,1073741824,20,88,204800,14.280999999999999
823,4,1,194,1073741824,20,88,9437184,14.038
824,4,1,194,1073741824,58,14,204800,6.207999999999999
825,4,1,194,1073741824,58,14,9437184,6.226
826,4,1,194,1073741824,58,39,204800,17.039
827,4,1,194,1073741824,58,39,9437184,16.292
828,4,1,194,1073741824,58,64,204800,26.186
829,4,1,194,1073741824,58,64,9437184,28.689
830,4,1,194,1073741824,58,88,204800,39.755
831,4,1,194,1073741824,58,88,9437184,35.488
832,4,1,194,1073741824,95,14,204800,9.89
833,4,1,194,1073741824,95,14,9437184,10.106
834,4,1,194,1073741824,95,39,204800,27.182
835,4,1,194,1073741824,95,39,9437184,25.535
836,4,1,194,1073741824,95,64,204800,42.428999999999995
837,4,1,194,1073741824,95,64,9437184,42.888999999999996
838,4,1,194,1073741824,95,88,204800,52.17
839,4,1,194,1073741824,95,88,9437184,59.131
840,4,1,194,1073741824,132,14,204800,13.159
841,4,1,194,1073741824,132,14,9437184,13.258
842,4,1,194,1073741824,132,39,204800,32.652
843,4,1,194,1073741824,132,39,9437184,33.242
844,4,1,194,1073741824,132,64,204800,53.818000000000005
845,4,1,194,1073741824,132,64,9437184,58.894
846,4,1,194,1073741824,132,88,204800,73.669
847,4,1,194,1073741824,132,88,9437184,76.068
848,4,1,317,10485760,20,14,204800,1.5490000000000002
849,4,1,317,10485760,20,14,9437184,1.446
850,4,1,317,10485760,20,39,204800,3.9989999999999997
851,4,1,317,10485760,20,39,9437184,3.98
852,4,1,317,10485760,20,64,204800,6.436
853,4,1,317,10485760,20,64,9437184,6.436
854,4,1,317,10485760,20,88,204800,9.067
855,4,1,317,10485760,20,88,9437184,9.016
856,4,1,317,10485760,58,14,204800,3.585
857,4,1,317,10485760,58,14,9437184,3.5810000000000004
858,4,1,317,10485760,58,39,204800,9.617
859,4,1,317,10485760,58,39,9437184,9.761000000000001
860,4,1,317,10485760,58,64,204800,15.923
861,4,1,317,10485760,58,64,9437184,15.834000000000001
862,4,1,317,10485760,58,88,204800,20.697
863,4,1,317,10485760,58,88,9437184,21.059
864,4,1,317,10485760,95,14,204800,5.5520000000000005
865,4,1,317,10485760,95,14,9437184,5.377000000000001
866,4,1,317,10485760,95,39,204800,14.319
867,4,1,317,10485760,95,39,9437184,14.697000000000001
868,4,1,317,10485760,95,64,204800,22.714000000000002
869,4,1,317,10485760,95,64,9437184,23.364
870,4,1,317,10485760,95,88,204800,31.576
871,4,1,317,10485760,95,88,9437184,31.125
872,4,1,317,10485760,132,14,204800,7.542999999999999
873,4,1,317,10485760,132,14,9437184,7.501
874,4,1,317,10485760,132,39,204800,20.428
875,4,1,317,10485760,132,39,9437184,19.618
876,4,1,317,10485760,132,64,204800,28.432
877,4,1,317,10485760,132,64,9437184,30.733
878,4,1,317,10485760,132,88,204800,41.495
879,4,1,317,10485760,132,88,9437184,43.506
880,4,1,317,1073741824,20,14,204800,2.214
881,4,1,317,1073741824,20,14,9437184,2.07
882,4,1,317,1073741824,20,39,204800,5.86
883,4,1,317,1073741824,20,39,9437184,5.816
884,4,1,317,1073741824,20,64,204800,9.69
885,4,1,317,1073741824,20,64,9437184,9.547
886,4,1,317,1073741824,20,88,204800,13.355
887,4,1,317,1073741824,20,88,9437184,13.213
888,4,1,317,1073741824,58,14,204800,5.5729999999999995
889,4,1,317,1073741824,58,14,9437184,5.53
890,4,1,317,1073741824,58,39,204800,14.912
891,4,1,317,1073741824,58,39,9437184,15.048
892,4,1,317,1073741824,58,64,204800,24.462
893,4,1,317,1073741824,58,64,9437184,25.543000000000003
894,4,1,317,1073741824,58,88,204800,35.43
895,4,1,317,1073741824,58,88,9437184,33.863
896,4,1,317,1073741824,95,14,204800,15.622
897,4,1,317,1073741824,95,14,9437184,15.765999999999998
898,4,1,317,1073741824,95,39,204800,40.885999999999996
899,4,1,317,1073741824,95,39,9437184,42.931000000000004
900,4,1,317,1073741824,95,64,204800,71.512
901,4,1,317,1073741824,95,64,9437184,35.616
902,4,1,317,1073741824,95,88,204800,46.632
903,4,1,317,1073741824,95,88,9437184,50.272
904,4,1,317,1073741824,132,14,204800,11.638
905,4,1,317,1073741824,132,14,9437184,12.264000000000001
906,4,1,317,1073741824,132,39,204800,32.149
907,4,1,317,1073741824,132,39,9437184,31.054000000000002
908,4,1,317,1073741824,132,64,204800,50.315
909,4,1,317,1073741824,132,64,9437184,53.398999999999994
910,4,1,317,1073741824,132,88,204800,64.225
911,4,1,317,1073741824,132,88,9437184,68.205
912,4,1,439,10485760,20,14,204800,1.5630000000000002
913,4,1,439,10485760,20,14,9437184,1.44
914,4,1,439,10485760,20,39,204800,4.013
915,4,1,439,10485760,20,39,9437184,3.9210000000000003
916,4,1,439,10485760,20,64,204800,6.604
917,4,1,439,10485760,20,64,9437184,6.443
918,4,1,439,10485760,20,88,204800,8.838
919,4,1,439,10485760,20,88,9437184,8.863999999999999
920,4,1,439,10485760,58,14,204800,3.6660000000000004
921,4,1,439,10485760,58,14,9437184,3.661
922,4,1,439,10485760,58,39,204800,10.005
923,4,1,439,10485760,58,39,9437184,9.91
924,4,1,439,10485760,58,64,204800,15.222000000000001
925,4,1,439,10485760,58,64,9437184,15.475
926,4,1,439,10485760,58,88,204800,21.28
927,4,1,439,10485760,58,88,9437184,21.083000000000002
928,4,1,439,10485760,95,14,204800,5.391
929,4,1,439,10485760,95,14,9437184,5.577999999999999
930,4,1,439,10485760,95,39,204800,14.398
931,4,1,439,10485760,95,39,9437184,14.402000000000001
932,4,1,439,10485760,95,64,204800,22.487
933,4,1,439,10485760,95,64,9437184,22.976999999999997
934,4,1,439,10485760,95,88,204800,31.276
935,4,1,439,10485760,95,88,9437184,31.456
936,4,1,439,10485760,132,14,204800,7.473
937,4,1,439,10485760,132,14,9437184,7.598
938,4,1,439,10485760,132,39,204800,20.423
939,4,1,439,10485760,132,39,9437184,18.951
940,4,1,439,10485760,132,64,204800,30.971
941,4,1,439,10485760,132,64,9437184,31.035
942,4,1,439,10485760,132,88,204800,40.554
943,4,1,439,10485760,132,88,9437184,39.692
944,4,1,439,1073741824,20,14,204800,2.1790000000000003
945,4,1,439,1073741824,20,14,9437184,2.085
946,4,1,439,1073741824,20,39,204800,5.9510000000000005
947,4,1,439,1073741824,20,39,9437184,5.871
948,4,1,439,1073741824,20,64,204800,10.254000000000001
949,4,1,439,1073741824,20,64,9437184,9.541
950,4,1,439,1073741824,20,88,204800,13.366
951,4,1,439,1073741824,20,88,9437184,13.231
952,4,1,439,1073741824,58,14,204800,5.922000000000001
953,4,1,439,1073741824,58,14,9437184,5.566
954,4,1,439,1073741824,58,39,204800,15.408
955,4,1,439,1073741824,58,39,9437184,15.282
956,4,1,439,1073741824,58,64,204800,24.266
957,4,1,439,1073741824,58,64,9437184,23.52
958,4,1,439,1073741824,58,88,204800,31.958000000000002
959,4,1,439,1073741824,58,88,9437184,31.127
960,4,1,439,1073741824,95,14,204800,8.79
961,4,1,439,1073741824,95,14,9437184,8.74
962,4,1,439,1073741824,95,39,204800,22.919
963,4,1,439,1073741824,95,39,9437184,24.52
964,4,1,439,1073741824,95,64,204800,35.75
965,4,1,439,1073741824,95,64,9437184,36.711
966,4,1,439,1073741824,95,88,204800,49.446000000000005
967,4,1,439,1073741824,95,88,9437184,49.507
968,4,1,439,1073741824,132,14,204800,11.658
969,4,1,439,1073741824,132,14,9437184,11.854000000000001
970,4,1,439,1073741824,132,39,204800,31.059
971,4,1,439,1073741824,132,39,9437184,32.28
972,4,1,439,1073741824,132,64,204800,44.62
973,4,1,439,1073741824,132,64,9437184,41.644
974,4,1,439,1073741824,132,88,204800,64.44
975,4,1,439,1073741824,132,88,9437184,68.00399999999999
976,4,1,72,10485760,20,14,204800,3.951
977,4,1,72,10485760,20,14,9437184,3.8710000000000004
978,4,1,72,10485760,20,39,204800,10.743
979,4,1,72,10485760,20,39,9437184,10.581
980,4,1,72,10485760,20,64,204800,17.762999999999998
981,4,1,72,10485760,20,64,9437184,17.67
982,4,1,72,10485760,20,88,204800,23.875999999999998
983,4,1,72,10485760,20,88,9437184,24.316
984,4,1,72,10485760,58,14,204800,10.7
985,4,1,72,10485760,58,14,9437184,10.895999999999999
986,4,1,72,10485760,58,39,204800,30.397
987,4,1,72,10485760,58,39,9437184,29.574
988,4,1,72,10485760,58,64,204800,48.356
989,4,1,72,10485760,58,64,9437184,48.541000000000004
990,4,1,72,10485760,58,88,204800,56.538000000000004
991,4,1,72,10485760,58,88,9437184,59.45399999999999
992,4,1,72,10485760,95,14,204800,17.688
993,4,1,72,10485760,95,14,9437184,17.28
994,4,1,72,10485760,95,39,204800,46.768
995,4,1,72,10485760,95,39,9437184,43.386
996,4,1,72,10485760,95,64,204800,66.554
997,4,1,72,10485760,95,64,9437184,69.04899999999999
998,4,1,72,10485760,95,88,204800,62.303999999999995
999,4,1,72,10485760,95,88,9437184,94.995
1000,4,1,72,10485760,132,14,204800,24.451
1001,4,1,72,10485760,132,14,9437184,23.443
1002,4,1,72,10485760,132,39,204800,65.38600000000001
1003,4,1,72,10485760,132,39,9437184,60.725
1004,4,1,72,10485760,132,64,204800,99.13799999999999
1005,4,1,72,10485760,132,64,9437184,101.124
1006,4,1,72,10485760,132,88,204800,124.285
1007,4,1,72,10485760,132,88,9437184,123.71700000000001
1008,4,1,72,1073741824,20,14,204800,4.428999999999999
1009,4,1,72,1073741824,20,14,9437184,4.322
1010,4,1,72,1073741824,20,39,204800,11.873
1011,4,1,72,1073741824,20,39,9437184,12.214
1012,4,1,72,1073741824,20,64,204800,20.404
1013,4,1,72,1073741824,20,64,9437184,19.852999999999998
1014,4,1,72,1073741824,20,88,204800,26.871
1015,4,1,72,1073741824,20,88,9437184,27.1
1016,4,1,72,1073741824,58,14,204800,12.497
1017,4,1,72,1073741824,58,14,9437184,12.157
1018,4,1,72,1073741824,58,39,204800,31.766
1019,4,1,72,1073741824,58,39,9437184,30.326999999999998
1020,4,1,72,1073741824,58,64,204800,53.281000000000006
1021,4,1,72,1073741824,58,64,9437184,50.25899999999999
1022,4,1,72,1073741824,58,88,204800,65.217
1023,4,1,72,1073741824,58,88,9437184,67.268
1024,4,1,72,1073741824,95,14,204800,18.688
1025,4,1,72,1073741824,95,14,9437184,19.995
1026,4,1,72,1073741824,95,39,204800,56.931999999999995
1027,4,1,72,1073741824,95,39,9437184,53.911
1028,4,1,72,1073741824,95,64,204800,83.34200000000001
1029,4,1,72,1073741824,95,64,9437184,74.464
1030,4,1,72,1073741824,95,88,204800,102.83
1031,4,1,72,1073741824,95,88,9437184,99.163
1032,4,1,72,1073741824,132,14,204800,25.956
1033,4,1,72,1073741824,132,14,9437184,27.767
1034,4,1,72,1073741824,132,39,204800,70.984
1035,4,1,72,1073741824,132,39,9437184,68.868
1036,4,1,72,1073741824,132,64,204800,90.209
1037,4,1,72,1073741824,132,64,9437184,110.617
1038,4,1,72,1073741824,132,88,204800,137.41
1039,4,1,72,1073741824,132,88,9437184,145.134
1040,4,8,194,10485760,20,14,204800,1.577
1041,4,8,194,10485760,20,14,9437184,1.496
1042,4,8,194,10485760,20,39,204800,4.303
1043,4,8,194,10485760,20,39,9437184,4.064
1044,4,8,194,10485760,20,64,204800,7.202000000000001
1045,4,8,194,10485760,20,64,9437184,6.7010000000000005
1046,4,8,194,10485760,20,88,204800,9.436
1047,4,8,194,10485760,20,88,9437184,9.189
1048,4,8,194,10485760,58,14,204800,4.021
1049,4,8,194,10485760,58,14,9437184,4.022
1050,4,8,194,10485760,58,39,204800,11.264000000000001
1051,4,8,194,10485760,58,39,9437184,11.357000000000001
1052,4,8,194,10485760,58,64,204800,19.14
1053,4,8,194,10485760,58,64,9437184,18.061
1054,4,8,194,10485760,58,88,204800,25.648000000000003
1055,4,8,194,10485760,58,88,9437184,25.642
1056,4,8,194,10485760,95,14,204800,6.686
1057,4,8,194,10485760,95,14,9437184,6.812
1058,4,8,194,10485760,95,39,204800,17.831
1059,4,8,194,10485760,95,39,9437184,18.254
1060,4,8,194,10485760,95,64,204800,29.11
1061,4,8,194,10485760,95,64,9437184,29.88
1062,4,8,194,10485760,95,88,204800,39.056
1063,4,8,194,10485760,95,88,9437184,40.236
1064,4,8,194,10485760,132,14,204800,9.199
1065,4,8,194,10485760,132,14,9437184,9.169
1066,4,8,194,10485760,132,39,204800,25.186
1067,4,8,194,10485760,132,39,9437184,23.909000000000002
1068,4,8,194,10485760,132,64,204800,66.938
1069,4,8,194,10485760,132,64,9437184,58.138999999999996
1070,4,8,194,10485760,132,88,204800,49.076
1071,4,8,194,10485760,132,88,9437184,54.324
1072,4,8,194,1073741824,20,14,204800,2.229
1073,4,8,194,1073741824,20,14,9437184,2.085
1074,4,8,194,1073741824,20,39,204800,5.981
1075,4,8,194,1073741824,20,39,9437184,5.916
1076,4,8,194,1073741824,20,64,204800,9.962
1077,4,8,194,1073741824,20,64,9437184,9.78
1078,4,8,194,1073741824,20,88,204800,13.529000000000002
1079,4,8,194,1073741824,20,88,9437184,13.501
1080,4,8,194,1073741824,58,14,204800,5.922999999999999
1081,4,8,194,1073741824,58,14,9437184,5.95
1082,4,8,194,1073741824,58,39,204800,16.021
1083,4,8,194,1073741824,58,39,9437184,17.057000000000002
1084,4,8,194,1073741824,58,64,204800,24.824
1085,4,8,194,1073741824,58,64,9437184,26.208000000000002
1086,4,8,194,1073741824,58,88,204800,35.226
1087,4,8,194,1073741824,58,88,9437184,35.47
1088,4,8,194,1073741824,95,14,204800,9.679
1089,4,8,194,1073741824,95,14,9437184,9.324
1090,4,8,194,1073741824,95,39,204800,26.185
1091,4,8,194,1073741824,95,39,9437184,26.057
1092,4,8,194,1073741824,95,64,204800,40.111
1093,4,8,194,1073741824,95,64,9437184,41.208
1094,4,8,194,1073741824,95,88,204800,52.315
1095,4,8,194,1073741824,95,88,9437184,52.368
1096,4,8,194,1073741824,132,14,204800,13.847999999999999
1097,4,8,194,1073741824,132,14,9437184,12.852
1098,4,8,194,1073741824,132,39,204800,34.775
1099,4,8,194,1073741824,132,39,9437184,35.795
1100,4,8,194,1073741824,132,64,204800,51.028
1101,4,8,194,1073741824,132,64,9437184,55.266000000000005
1102,4,8,194,1073741824,132,88,204800,100.478
1103,4,8,194,1073741824,132,88,9437184,71.586
1104,4,8,317,10485760,20,14,204800,1.524
1105,4,8,317,10485760,20,14,9437184,1.476
1106,4,8,317,10485760,20,39,204800,4.02
1107,4,8,317,10485760,20,39,9437184,4.015
1108,4,8,317,10485760,20,64,204800,6.44
1109,4,8,317,10485760,20,64,9437184,6.553
1110,4,8,317,10485760,20,88,204800,8.836
1111,4,8,317,10485760,20,88,9437184,8.855
1112,4,8,317,10485760,58,14,204800,3.5869999999999997
1113,4,8,317,10485760,58,14,9437184,3.6460000000000004
1114,4,8,317,10485760,58,39,204800,10.006
1115,4,8,317,10485760,58,39,9437184,10.093
1116,4,8,317,10485760,58,64,204800,16.387
1117,4,8,317,10485760,58,64,9437184,16.241
1118,4,8,317,10485760,58,88,204800,22.19
1119,4,8,317,10485760,58,88,9437184,20.93
1120,4,8,317,10485760,95,14,204800,5.352
1121,4,8,317,10485760,95,14,9437184,5.449
1122,4,8,317,10485760,95,39,204800,14.82
1123,4,8,317,10485760,95,39,9437184,14.995999999999999
1124,4,8,317,10485760,95,64,204800,22.566999999999997
1125,4,8,317,10485760,95,64,9437184,22.886
1126,4,8,317,10485760,95,88,204800,28.962
1127,4,8,317,10485760,95,88,9437184,30.801
1128,4,8,317,10485760,132,14,204800,7.417000000000001
1129,4,8,317,10485760,132,14,9437184,7.497999999999999
1130,4,8,317,10485760,132,39,204800,19.354
1131,4,8,317,10485760,132,39,9437184,20.02
1132,4,8,317,10485760,132,64,204800,31.384
1133,4,8,317,10485760,132,64,9437184,31.086
1134,4,8,317,10485760,132,88,204800,38.437
1135,4,8,317,10485760,132,88,9437184,42.463
1136,4,8,317,1073741824,20,14,204800,2.178
1137,4,8,317,1073741824,20,14,9437184,2.17
1138,4,8,317,1073741824,20,39,204800,5.688
1139,4,8,317,1073741824,20,39,9437184,5.947
1140,4,8,317,1073741824,20,64,204800,9.526
1141,4,8,317,1073741824,20,64,9437184,9.907
1142,4,8,317,1073741824,20,88,204800,13.777000000000001
1143,4,8,317,1073741824,20,88,9437184,14.035
1144,4,8,317,1073741824,58,14,204800,5.647
1145,4,8,317,1073741824,58,14,9437184,5.67
1146,4,8,317,1073741824,58,39,204800,15.642000000000001
1147,4,8,317,1073741824,58,39,9437184,14.800999999999998
1148,4,8,317,1073741824,58,64,204800,24.945
1149,4,8,317,1073741824,58,64,9437184,25.61
1150,4,8,317,1073741824,58,88,204800,31.226
1151,4,8,317,1073741824,58,88,9437184,34.409
1152,4,8,317,1073741824,95,14,204800,8.855
1153,4,8,317,1073741824,95,14,9437184,9.627
1154,4,8,317,1073741824,95,39,204800,23.969
1155,4,8,317,1073741824,95,39,9437184,24.053
1156,4,8,317,1073741824,95,64,204800,38.48
1157,4,8,317,1073741824,95,64,9437184,39.79
1158,4,8,317,1073741824,95,88,204800,50.083
1159,4,8,317,1073741824,95,88,9437184,51.375
1160,4,8,317,1073741824,132,14,204800,12.204
1161,4,8,317,1073741824,132,14,9437184,13.005
1162,4,8,317,1073741824,132,39,204800,32.702
1163,4,8,317,1073741824,132,39,9437184,35.292
1164,4,8,317,1073741824,132,64,204800,50.766000000000005
1165,4,8,317,1073741824,132,64,9437184,50.318999999999996
1166,4,8,317,1073741824,132,88,204800,62.202
1167,4,8,317,1073741824,132,88,9437184,64.563
1168,4,8,439,10485760,20,14,204800,1.535
1169,4,8,439,10485760,20,14,9437184,1.456
1170,4,8,439,10485760,20,39,204800,4.0169999999999995
1171,4,8,439,10485760,20,39,9437184,3.9989999999999997
1172,4,8,439,10485760,20,64,204800,6.681
1173,4,8,439,10485760,20,64,9437184,6.428999999999999
1174,4,8,439,10485760,20,88,204800,9.05
1175,4,8,439,10485760,20,88,9437184,8.854
1176,4,8,439,10485760,58,14,204800,3.6260000000000003
1177,4,8,439,10485760,58,14,9437184,3.575
1178,4,8,439,10485760,58,39,204800,9.872
1179,4,8,439,10485760,58,39,9437184,10.181000000000001
1180,4,8,439,10485760,58,64,204800,16.153
1181,4,8,439,10485760,58,64,9437184,16.31
1182,4,8,439,10485760,58,88,204800,22.304000000000002
1183,4,8,439,10485760,58,88,9437184,23.64
1184,4,8,439,10485760,95,14,204800,5.457000000000001
1185,4,8,439,10485760,95,14,9437184,5.417000000000001
1186,4,8,439,10485760,95,39,204800,15.327
1187,4,8,439,10485760,95,39,9437184,14.802
1188,4,8,439,10485760,95,64,204800,24.249000000000002
1189,4,8,439,10485760,95,64,9437184,22.9
1190,4,8,439,10485760,95,88,204800,30.365
1191,4,8,439,10485760,95,88,9437184,31.285
1192,4,8,439,10485760,132,14,204800,7.696000000000001
1193,4,8,439,10485760,132,14,9437184,8.839
1194,4,8,439,10485760,132,39,204800,19.141
1195,4,8,439,10485760,132,39,9437184,19.537
1196,4,8,439,10485760,132,64,204800,30.298000000000002
1197,4,8,439,10485760,132,64,9437184,31.035
1198,4,8,439,10485760,132,88,204800,40.938
1199,4,8,439,10485760,132,88,9437184,42.091
1200,4,8,439,1073741824,20,14,204800,2.166
1201,4,8,439,1073741824,20,14,9437184,2.114
1202,4,8,439,1073741824,20,39,204800,6.059
1203,4,8,439,1073741824,20,39,9437184,5.971
1204,4,8,439,1073741824,20,64,204800,10.019
1205,4,8,439,1073741824,20,64,9437184,9.578
1206,4,8,439,1073741824,20,88,204800,14.0
1207,4,8,439,1073741824,20,88,9437184,13.515
1208,4,8,439,1073741824,58,14,204800,5.667000000000001
1209,4,8,439,1073741824,58,14,9437184,5.97
1210,4,8,439,1073741824,58,39,204800,15.88
1211,4,8,439,1073741824,58,39,9437184,15.019
1212,4,8,439,1073741824,58,64,204800,24.771
1213,4,8,439,1073741824,58,64,9437184,23.839000000000002
1214,4,8,439,1073741824,58,88,204800,31.822
1215,4,8,439,1073741824,58,88,9437184,33.035
1216,4,8,439,1073741824,95,14,204800,8.925
1217,4,8,439,1073741824,95,14,9437184,8.721
1218,4,8,439,1073741824,95,39,204800,24.351
1219,4,8,439,1073741824,95,39,9437184,23.980999999999998
1220,4,8,439,1073741824,95,64,204800,43.782
1221,4,8,439,1073741824,95,64,9437184,37.262
1222,4,8,439,1073741824,95,88,204800,48.431999999999995
1223,4,8,439,1073741824,95,88,9437184,51.0
1224,4,8,439,1073741824,132,14,204800,12.413
1225,4,8,439,1073741824,132,14,9437184,12.235999999999999
1226,4,8,439,1073741824,132,39,204800,31.934
1227,4,8,439,1073741824,132,39,9437184,34.366
1228,4,8,439,1073741824,132,64,204800,55.449
1229,4,8,439,1073741824,132,64,9437184,51.961000000000006
1230,4,8,439,1073741824,132,88,204800,65.627
1231,4,8,439,1073741824,132,88,9437184,77.061
1232,4,8,72,10485760,20,14,204800,4.0889999999999995
1233,4,8,72,10485760,20,14,9437184,3.873
1234,4,8,72,10485760,20,39,204800,10.772
1235,4,8,72,10485760,20,39,9437184,10.775
1236,4,8,72,10485760,20,64,204800,17.366
1237,4,8,72,10485760,20,64,9437184,17.662
1238,4,8,72,10485760,20,88,204800,23.87
1239,4,8,72,10485760,20,88,9437184,24.264
1240,4,8,72,10485760,58,14,204800,10.975
1241,4,8,72,10485760,58,14,9437184,10.908
1242,4,8,72,10485760,58,39,204800,30.326999999999998
1243,4,8,72,10485760,58,39,9437184,28.561999999999998
1244,4,8,72,10485760,58,64,204800,43.271
1245,4,8,72,10485760,58,64,9437184,47.486000000000004
1246,4,8,72,10485760,58,88,204800,60.22
1247,4,8,72,10485760,58,88,9437184,59.055
1248,4,8,72,10485760,95,14,204800,17.532
1249,4,8,72,10485760,95,14,9437184,17.672
1250,4,8,72,10485760,95,39,204800,40.891
1251,4,8,72,10485760,95,39,9437184,49.096000000000004
1252,4,8,72,10485760,95,64,204800,67.322
1253,4,8,72,10485760,95,64,9437184,75.547
1254,4,8,72,10485760,95,88,204800,87.50299999999999
1255,4,8,72,10485760,95,88,9437184,89.931
1256,4,8,72,10485760,132,14,204800,24.629
1257,4,8,72,10485760,132,14,9437184,24.544
1258,4,8,72,10485760,132,39,204800,60.903
1259,4,8,72,10485760,132,39,9437184,60.972
1260,4,8,72,10485760,132,64,204800,104.72399999999999
1261,4,8,72,10485760,132,64,9437184,90.704
1262,4,8,72,10485760,132,88,204800,141.10299999999998
1263,4,8,72,10485760,132,88,9437184,136.308
1264,4,8,72,1073741824,20,14,204800,4.493
1265,4,8,72,1073741824,20,14,9437184,4.2330000000000005
1266,4,8,72,1073741824,20,39,204800,12.431
1267,4,8,72,1073741824,20,39,9437184,12.137
1268,4,8,72,1073741824,20,64,204800,19.609
1269,4,8,72,1073741824,20,64,9437184,20.697
1270,4,8,72,1073741824,20,88,204800,28.971999999999998
1271,4,8,72,1073741824,20,88,9437184,27.261999999999997
1272,4,8,72,1073741824,58,14,204800,12.448
1273,4,8,72,1073741824,58,14,9437184,12.157
1274,4,8,72,1073741824,58,39,204800,31.204
1275,4,8,72,1073741824,58,39,9437184,34.429
1276,4,8,72,1073741824,58,64,204800,52.72
1277,4,8,72,1073741824,58,64,9437184,54.55
1278,4,8,72,1073741824,58,88,204800,73.655
1279,4,8,72,1073741824,58,88,9437184,67.223
1280,4,8,72,1073741824,95,14,204800,20.269000000000002
1281,4,8,72,1073741824,95,14,9437184,20.186
1282,4,8,72,1073741824,95,39,204800,52.011
1283,4,8,72,1073741824,95,39,9437184,54.183
1284,4,8,72,1073741824,95,64,204800,80.488
1285,4,8,72,1073741824,95,64,9437184,76.528
1286,4,8,72,1073741824,95,88,204800,109.4
1287,4,8,72,1073741824,95,88,9437184,103.95700000000001
1288,4,8,72,1073741824,132,14,204800,29.668000000000003
1289,4,8,72,1073741824,132,14,9437184,28.651
1290,4,8,72,1073741824,132,39,204800,65.764
1291,4,8,72,1073741824,132,39,9437184,63.16
1292,4,8,72,1073741824,132,64,204800,101.66799999999999
1293,4,8,72,1073741824,132,64,9437184,111.23
1294,4,8,72,1073741824,132,88,204800,149.086
1295,4,8,72,1073741824,132,88,9437184,136.997
