NoOfCpus,Memory,IoRateLimits(mb/sec),FileSize,IoSize,NoOfThreads,ThreadMemory,ResponseTime(msec/op),Throughput(op/sec)
1,1g,10mb,10m,1k,1,200k,0.100,9838.497
1,1g,10mb,10m,1k,1,9m,0.098,10062.611
1,1g,10mb,10m,1k,100,200k,9.917,10067.759
1,1g,10mb,10m,1k,100,9m,9.821,10128.022
1,1g,10mb,10m,150k,1,200k,14.623,68.278
1,1g,10mb,10m,150k,1,9m,14.649,68.145
1,1g,10mb,10m,150k,100,200k,247.399,69.828
1,1g,10mb,10m,150k,100,9m,405.495,69.828
1,1g,10mb,1g,1k,1,200k,0.107,9265.267
1,1g,10mb,1g,1k,1,9m,0.105,9361.510
1,1g,10mb,1g,1k,100,200k,10.690,9348.978
1,1g,10mb,1g,1k,100,9m,10.421,9553.688
1,1g,10mb,1g,150k,1,200k,14.643,68.178
1,1g,10mb,1g,150k,1,9m,14.624,68.278
1,1g,10mb,1g,150k,100,200k,200.608,69.912
1,1g,10mb,1g,150k,100,9m,694.955,69.428
1,1g,500mb,10m,1k,1,200k,0.027,35089.424
1,1g,500mb,10m,1k,1,9m,0.027,35681.771
1,1g,500mb,10m,1k,100,200k,2.846,35095.288
1,1g,500mb,10m,1k,100,9m,2.934,33904.842
1,1g,500mb,10m,150k,1,200k,0.618,1614.185
1,1g,500mb,10m,150k,1,9m,0.602,1657.126
1,1g,500mb,10m,150k,100,200k,55.461,1594.116
1,1g,500mb,10m,150k,100,9m,54.074,1620.949
1,1g,500mb,1g,1k,1,200k,0.043,22480.552
1,1g,500mb,1g,1k,1,9m,0.043,22596.745
1,1g,500mb,1g,1k,100,200k,4.553,21944.508
1,1g,500mb,1g,1k,100,9m,4.540,21583.536
1,1g,500mb,1g,150k,1,200k,1.067,935.282
1,1g,500mb,1g,150k,1,9m,1.031,968.053
1,1g,500mb,1g,150k,100,200k,93.739,946.720
1,1g,500mb,1g,150k,100,9m,78.770,935.752
1,8g,10mb,10m,1k,1,200k,0.102,9704.019
1,8g,10mb,10m,1k,1,9m,0.098,10054.096
1,8g,10mb,10m,1k,100,200k,9.968,10016.288
1,8g,10mb,10m,1k,100,9m,9.762,10194.190
1,8g,10mb,10m,150k,1,200k,14.629,68.245
1,8g,10mb,10m,150k,1,9m,14.655,68.162
1,8g,10mb,10m,150k,100,200k,388.047,69.912
1,8g,10mb,10m,150k,100,9m,875.567,69.662
1,8g,10mb,1g,1k,1,200k,0.113,8728.472
1,8g,10mb,1g,1k,1,9m,0.105,9431.645
1,8g,10mb,1g,1k,100,200k,10.485,9314.850
1,8g,10mb,1g,1k,100,9m,10.578,9408.276
1,8g,10mb,1g,150k,1,200k,14.709,67.945
1,8g,10mb,1g,150k,1,9m,14.624,68.278
1,8g,10mb,1g,150k,100,200k,160.413,69.928
1,8g,10mb,1g,150k,100,9m,421.803,69.828
1,8g,500mb,10m,1k,1,200k,0.027,35036.369
1,8g,500mb,10m,1k,1,9m,0.027,35576.463
1,8g,500mb,10m,1k,100,200k,2.924,34118.022
1,8g,500mb,10m,1k,100,9m,2.838,34686.361
1,8g,500mb,10m,150k,1,200k,0.620,1609.815
1,8g,500mb,10m,150k,1,9m,0.602,1657.552
1,8g,500mb,10m,150k,100,200k,50.363,1622.037
1,8g,500mb,10m,150k,100,9m,51.002,1592.329
1,8g,500mb,1g,1k,1,200k,0.044,22252.435
1,8g,500mb,1g,1k,1,9m,0.043,22542.560
1,8g,500mb,1g,1k,100,200k,4.646,21505.920
1,8g,500mb,1g,1k,100,9m,4.418,22224.159
1,8g,500mb,1g,150k,1,200k,1.048,952.986
1,8g,500mb,1g,150k,1,9m,1.043,956.986
1,8g,500mb,1g,150k,100,200k,87.733,905.672
1,8g,500mb,1g,150k,100,9m,82.690,941.150
4,1g,10mb,10m,1k,1,200k,0.101,9787.792
4,1g,10mb,10m,1k,1,9m,0.098,10050.139
4,1g,10mb,10m,1k,100,200k,9.902,10082.445
4,1g,10mb,10m,1k,100,9m,9.807,10157.513
4,1g,10mb,10m,150k,1,200k,14.623,68.278
4,1g,10mb,10m,150k,1,9m,14.644,68.178
4,1g,10mb,10m,150k,100,200k,903.369,69.878
4,1g,10mb,10m,150k,100,9m,124.830,69.828
4,1g,10mb,1g,1k,1,200k,0.110,9025.440
4,1g,10mb,1g,1k,1,9m,0.108,9111.459
4,1g,10mb,1g,1k,100,200k,11.550,8652.558
4,1g,10mb,1g,1k,100,9m,10.817,9216.857
4,1g,10mb,1g,150k,1,200k,14.644,68.178
4,1g,10mb,1g,150k,1,9m,14.747,67.728
4,1g,10mb,1g,150k,100,200k,254.430,69.828
4,1g,10mb,1g,150k,100,9m,322.824,69.828
4,1g,500mb,10m,1k,1,200k,0.027,35017.320
4,1g,500mb,10m,1k,1,9m,0.027,35566.629
4,1g,500mb,10m,1k,100,200k,2.954,33816.050
4,1g,500mb,10m,1k,100,9m,2.954,33729.675
4,1g,500mb,10m,150k,1,200k,0.618,1613.779
4,1g,500mb,10m,150k,1,9m,0.601,1658.095
4,1g,500mb,10m,150k,100,200k,50.356,1592.772
4,1g,500mb,10m,150k,100,9m,47.760,1622.897
4,1g,500mb,1g,1k,1,200k,0.043,22698.130
4,1g,500mb,1g,1k,1,9m,0.043,22775.727
4,1g,500mb,1g,1k,100,200k,4.497,22218.868
4,1g,500mb,1g,1k,100,9m,4.527,22019.987
4,1g,500mb,1g,150k,1,200k,1.073,930.334
4,1g,500mb,1g,150k,1,9m,1.013,985.746
4,1g,500mb,1g,150k,100,200k,82.386,933.837
4,1g,500mb,1g,150k,100,9m,91.087,973.636
4,8g,10mb,10m,1k,1,200k,0.101,9725.003
4,8g,10mb,10m,1k,1,9m,0.099,10010.292
4,8g,10mb,10m,1k,100,200k,9.918,10066.905
4,8g,10mb,10m,1k,100,9m,9.758,10209.698
4,8g,10mb,10m,150k,1,200k,14.910,67.028
4,8g,10mb,10m,150k,1,9m,14.643,68.178
4,8g,10mb,10m,150k,100,200k,897.144,69.928
4,8g,10mb,10m,150k,100,9m,1150.096,69.929
4,8g,10mb,1g,1k,1,200k,0.119,8313.519
4,8g,10mb,1g,1k,1,9m,0.107,9241.293
4,8g,10mb,1g,1k,100,200k,10.365,9636.258
4,8g,10mb,1g,1k,100,9m,11.324,8801.093
4,8g,10mb,1g,150k,1,200k,14.623,68.278
4,8g,10mb,1g,150k,1,9m,14.624,68.278
4,8g,10mb,1g,150k,100,200k,531.964,69.462
4,8g,10mb,1g,150k,100,9m,840.073,69.195
4,8g,500mb,10m,1k,1,200k,0.027,34941.503
4,8g,500mb,10m,1k,1,9m,0.027,35775.121
4,8g,500mb,10m,1k,100,200k,2.965,33696.408
4,8g,500mb,10m,1k,100,9m,2.912,34227.021
4,8g,500mb,10m,150k,1,200k,0.618,1612.862
4,8g,500mb,10m,150k,1,9m,0.615,1620.306
4,8g,500mb,10m,150k,100,200k,47.878,1592.576
4,8g,500mb,10m,150k,100,9m,54.675,1582.091
4,8g,500mb,1g,1k,1,200k,0.043,22405.596
4,8g,500mb,1g,1k,1,9m,0.040,23966.843
4,8g,500mb,1g,1k,100,200k,4.426,22577.893
4,8g,500mb,1g,1k,100,9m,4.380,22760.086
4,8g,500mb,1g,150k,1,200k,1.062,940.489
4,8g,500mb,1g,150k,1,9m,0.996,1002.679
4,8g,500mb,1g,150k,100,200k,77.732,991.334
4,8g,500mb,1g,150k,100,9m,87.628,978.700
1,1g,255mb,10m,76k,51,200k,16.459,3078.534
1,1g,255mb,10m,76k,51,9m,16.330,3001.413
1,1g,255mb,1g,76k,51,200k,25.260,1948.216
1,1g,255mb,1g,76k,51,9m,24.667,1997.158
1,8g,255mb,10m,76k,51,200k,16.042,2857.499
1,8g,255mb,10m,76k,51,9m,16.439,3003.350
1,8g,255mb,1g,76k,51,200k,27.341,1695.985
1,8g,255mb,1g,76k,51,9m,25.687,1762.071
4,1g,255mb,10m,76k,51,200k,17.024,2869.000
4,1g,255mb,10m,76k,51,9m,16.188,2943.677
4,1g,255mb,1g,76k,51,200k,31.990,1515.936
4,1g,255mb,1g,76k,51,9m,28.019,1619.291
4,8g,255mb,10m,76k,51,200k,26.756,1804.655
4,8g,255mb,10m,76k,51,9m,40.736,1121.943
4,8g,255mb,1g,76k,51,200k,49.869,949.765
4,8g,255mb,1g,76k,51,9m,41.642,1160.353
1,1g,133mb,10m,39k,26,200k,7.796,3331.297
1,1g,133mb,10m,39k,26,9m,7.641,3398.370
1,1g,133mb,10m,39k,76,200k,22.318,3398.989
1,1g,133mb,10m,39k,76,9m,22.158,3417.541
1,1g,133mb,10m,113k,26,200k,21.478,1173.237
1,1g,133mb,10m,113k,26,9m,20.612,1204.386
1,1g,133mb,10m,113k,76,200k,55.568,1203.318
1,1g,133mb,10m,113k,76,9m,56.617,1174.970
1,1g,133mb,1g,39k,26,200k,10.876,2386.516
1,1g,133mb,1g,39k,26,9m,10.064,2540.710
1,1g,133mb,1g,39k,76,200k,29.523,2498.051
1,1g,133mb,1g,39k,76,9m,29.531,2502.435
1,1g,133mb,1g,113k,26,200k,28.067,900.090
1,1g,133mb,1g,113k,26,9m,27.807,842.862
1,1g,133mb,1g,113k,76,200k,73.835,837.077
1,1g,133mb,1g,113k,76,9m,64.568,868.740
1,1g,378mb,10m,39k,26,200k,5.077,5118.506
1,1g,378mb,10m,39k,26,9m,4.863,5340.022
1,1g,378mb,10m,39k,76,200k,13.699,5540.679
1,1g,378mb,10m,39k,76,9m,13.819,5474.972
1,1g,378mb,10m,113k,26,200k,11.829,2089.398
1,1g,378mb,10m,113k,26,9m,12.122,2125.501
1,1g,378mb,10m,113k,76,200k,32.842,2080.060
1,1g,378mb,10m,113k,76,9m,34.216,2083.555
1,1g,378mb,1g,39k,26,200k,7.271,3572.441
1,1g,378mb,1g,39k,26,9m,7.194,3534.662
1,1g,378mb,1g,39k,76,200k,20.911,3633.220
1,1g,378mb,1g,39k,76,9m,21.166,3580.015
1,1g,378mb,1g,113k,26,200k,18.400,1351.192
1,1g,378mb,1g,113k,26,9m,18.001,1374.631
1,1g,378mb,1g,113k,76,200k,46.733,1381.910
1,1g,378mb,1g,113k,76,9m,47.438,1374.677
1,8g,133mb,10m,39k,26,200k,8.057,3223.105
1,8g,133mb,10m,39k,26,9m,7.596,3415.280
1,8g,133mb,10m,39k,76,200k,21.754,3485.222
1,8g,133mb,10m,39k,76,9m,21.747,3479.383
1,8g,133mb,10m,113k,26,200k,20.774,1181.553
1,8g,133mb,10m,113k,26,9m,21.106,1203.602
1,8g,133mb,10m,113k,76,200k,53.800,1179.302
1,8g,133mb,10m,113k,76,9m,54.399,1201.706
1,8g,133mb,1g,39k,26,200k,10.769,2413.310
1,8g,133mb,1g,39k,26,9m,10.180,2508.743
1,8g,133mb,1g,39k,76,200k,29.280,2567.248
1,8g,133mb,1g,39k,76,9m,31.120,2432.759
1,8g,133mb,1g,113k,26,200k,37.291,645.358
1,8g,133mb,1g,113k,26,9m,27.287,900.271
1,8g,133mb,1g,113k,76,200k,73.211,912.192
1,8g,133mb,1g,113k,76,9m,70.073,908.772
1,8g,378mb,10m,39k,26,200k,4.838,5372.032
1,8g,378mb,10m,39k,26,9m,4.512,5756.613
1,8g,378mb,10m,39k,76,200k,13.336,5696.402
1,8g,378mb,10m,39k,76,9m,13.253,5722.422
1,8g,378mb,10m,113k,26,200k,11.987,2067.676
1,8g,378mb,10m,113k,26,9m,11.886,2125.347
1,8g,378mb,10m,113k,76,200k,32.500,2090.378
1,8g,378mb,10m,113k,76,9m,32.419,2098.964
1,8g,378mb,1g,39k,26,200k,7.740,3326.123
1,8g,378mb,1g,39k,26,9m,7.159,3629.137
1,8g,378mb,1g,39k,76,200k,20.631,3661.042
1,8g,378mb,1g,39k,76,9m,23.004,3288.512
1,8g,378mb,1g,113k,26,200k,18.472,1339.295
1,8g,378mb,1g,113k,26,9m,18.544,1344.608
1,8g,378mb,1g,113k,76,200k,50.824,1326.914
1,8g,378mb,1g,113k,76,9m,52.032,1341.157
4,1g,133mb,10m,39k,26,200k,7.829,3319.848
4,1g,133mb,10m,39k,26,9m,7.616,3407.963
4,1g,133mb,10m,39k,76,200k,22.151,3421.501
4,1g,133mb,10m,39k,76,9m,21.707,3450.744
4,1g,133mb,10m,113k,26,200k,20.097,1197.470
4,1g,133mb,10m,113k,26,9m,21.052,1203.602
4,1g,133mb,10m,113k,76,200k,54.617,1178.504
4,1g,133mb,10m,113k,76,9m,51.823,1203.433
4,1g,133mb,1g,39k,26,200k,10.614,2449.166
4,1g,133mb,1g,39k,26,9m,10.970,2332.090
4,1g,133mb,1g,39k,76,200k,39.458,1889.890
4,1g,133mb,1g,39k,76,9m,29.493,2533.315
4,1g,133mb,1g,113k,26,200k,27.507,909.855
4,1g,133mb,1g,113k,26,9m,27.346,910.193
4,1g,133mb,1g,113k,76,200k,75.857,904.509
4,1g,133mb,1g,113k,76,9m,70.764,898.756
4,1g,378mb,10m,39k,26,200k,4.954,5246.287
4,1g,378mb,10m,39k,26,9m,4.559,5697.589
4,1g,378mb,10m,39k,76,200k,13.349,5691.126
4,1g,378mb,10m,39k,76,9m,13.734,5523.419
4,1g,378mb,10m,113k,26,200k,12.137,2070.109
4,1g,378mb,10m,113k,26,9m,12.359,2033.571
4,1g,378mb,10m,113k,76,200k,32.909,2093.205
4,1g,378mb,10m,113k,76,9m,32.634,2079.508
4,1g,378mb,1g,39k,26,200k,7.359,3465.565
4,1g,378mb,1g,39k,26,9m,7.312,3539.906
4,1g,378mb,1g,39k,76,200k,22.018,3435.670
4,1g,378mb,1g,39k,76,9m,22.434,3379.188
4,1g,378mb,1g,113k,26,200k,155.663,153.240
4,1g,378mb,1g,113k,26,9m,35.544,690.653
4,1g,378mb,1g,113k,76,200k,91.098,715.868
4,1g,378mb,1g,113k,76,9m,88.125,710.585
4,8g,133mb,10m,39k,26,200k,7.623,3405.820
4,8g,133mb,10m,39k,26,9m,7.450,3483.870
4,8g,133mb,10m,39k,76,200k,21.743,3484.678
4,8g,133mb,10m,39k,76,9m,21.744,3484.587
4,8g,133mb,10m,113k,26,200k,20.259,1204.118
4,8g,133mb,10m,113k,26,9m,20.820,1149.975
4,8g,133mb,10m,113k,76,200k,57.276,1204.434
4,8g,133mb,10m,113k,76,9m,53.771,1204.417
4,8g,133mb,1g,39k,26,200k,10.588,2454.605
4,8g,133mb,1g,39k,26,9m,11.309,2297.255
4,8g,133mb,1g,39k,76,200k,28.563,2639.074
4,8g,133mb,1g,39k,76,9m,28.821,2627.151
4,8g,133mb,1g,113k,26,200k,26.671,879.689
4,8g,133mb,1g,113k,26,9m,25.873,935.187
4,8g,133mb,1g,113k,76,200k,70.379,919.090
4,8g,133mb,1g,113k,76,9m,76.481,905.889
4,8g,378mb,10m,39k,26,200k,4.828,5382.485
4,8g,378mb,10m,39k,26,9m,4.701,5524.549
4,8g,378mb,10m,39k,76,200k,13.241,5737.519
4,8g,378mb,10m,39k,76,9m,13.011,5828.542
4,8g,378mb,10m,113k,26,200k,12.179,2072.990
4,8g,378mb,10m,113k,26,9m,11.810,2122.246
4,8g,378mb,10m,113k,76,200k,33.851,2099.473
4,8g,378mb,10m,113k,76,9m,32.401,2133.432
4,8g,378mb,1g,39k,26,200k,8.102,3207.431
4,8g,378mb,1g,39k,26,9m,7.683,3380.309
4,8g,378mb,1g,39k,76,200k,23.229,3267.345
4,8g,378mb,1g,39k,76,9m,21.304,3478.030
4,8g,378mb,1g,113k,26,200k,18.961,1290.980
4,8g,378mb,1g,113k,26,9m,19.073,1309.427
4,8g,378mb,1g,113k,76,200k,48.581,1340.110
4,8g,378mb,1g,113k,76,9m,51.171,1316.894
1,1g,194mb,10m,20k,14,200k,1.565,8935.614
1,1g,194mb,10m,20k,14,9m,1.481,9442.304
1,1g,194mb,10m,20k,39,200k,4.093,9523.570
1,1g,194mb,10m,20k,39,9m,4.152,9378.321
1,1g,194mb,10m,20k,64,200k,6.857,9328.445
1,1g,194mb,10m,20k,64,9m,6.802,9388.726
1,1g,194mb,10m,20k,88,200k,9.162,9599.422
1,1g,194mb,10m,20k,88,9m,9.146,9587.840
1,1g,194mb,10m,58k,14,200k,4.069,3366.761
1,1g,194mb,10m,58k,14,9m,4.049,3417.276
1,1g,194mb,10m,58k,39,200k,11.025,3416.863
1,1g,194mb,10m,58k,39,9m,10.904,3416.320
1,1g,194mb,10m,58k,64,200k,17.144,3417.715
1,1g,194mb,10m,58k,64,9m,17.704,3410.685
1,1g,194mb,10m,58k,88,200k,23.432,3418.232
1,1g,194mb,10m,58k,88,9m,22.768,3337.925
1,1g,194mb,10m,95k,14,200k,6.570,2086.548
1,1g,194mb,10m,95k,14,9m,6.548,2087.065
1,1g,194mb,10m,95k,39,200k,18.324,2038.022
1,1g,194mb,10m,95k,39,9m,17.215,2090.398
1,1g,194mb,10m,95k,64,200k,28.125,2087.319
1,1g,194mb,10m,95k,64,9m,28.668,2083.373
1,1g,194mb,10m,95k,88,200k,36.624,2087.719
1,1g,194mb,10m,95k,88,9m,38.308,2084.816
1,1g,194mb,10m,132k,14,200k,9.050,1499.546
1,1g,194mb,10m,132k,14,9m,8.976,1501.698
1,1g,194mb,10m,132k,39,200k,23.295,1502.566
1,1g,194mb,10m,132k,39,9m,24.610,1470.535
1,1g,194mb,10m,132k,64,200k,37.163,1503.047
1,1g,194mb,10m,132k,64,9m,37.885,1498.303
1,1g,194mb,10m,132k,88,200k,49.525,1503.080
1,1g,194mb,10m,132k,88,9m,47.250,1479.337
1,1g,194mb,1g,20k,14,200k,2.190,6387.379
1,1g,194mb,1g,20k,14,9m,2.124,6583.907
1,1g,194mb,1g,20k,39,200k,5.926,6447.440
1,1g,194mb,1g,20k,39,9m,5.987,6505.454
1,1g,194mb,1g,20k,64,200k,9.511,6658.103
1,1g,194mb,1g,20k,64,9m,9.441,6597.923
1,1g,194mb,1g,20k,88,200k,13.345,6542.422
1,1g,194mb,1g,20k,88,9m,13.713,6401.642
1,1g,194mb,1g,58k,14,200k,5.979,2325.875
1,1g,194mb,1g,58k,14,9m,5.870,2331.699
1,1g,194mb,1g,58k,39,200k,16.354,2284.282
1,1g,194mb,1g,58k,39,9m,15.772,2323.469
1,1g,194mb,1g,58k,64,200k,25.773,2315.769
1,1g,194mb,1g,58k,64,9m,24.873,2332.857
1,1g,194mb,1g,58k,88,200k,34.749,2257.536
1,1g,194mb,1g,58k,88,9m,33.595,2304.457
1,1g,194mb,1g,95k,14,200k,9.727,1417.656
1,1g,194mb,1g,95k,14,9m,9.496,1432.877
1,1g,194mb,1g,95k,39,200k,26.740,1364.338
1,1g,194mb,1g,95k,39,9m,26.216,1414.170
1,1g,194mb,1g,95k,64,200k,39.519,1433.621
1,1g,194mb,1g,95k,64,9m,40.432,1418.525
1,1g,194mb,1g,95k,88,200k,54.038,1351.110
1,1g,194mb,1g,95k,88,9m,51.343,1380.922
1,1g,194mb,1g,132k,14,200k,13.121,1031.798
1,1g,194mb,1g,132k,14,9m,13.509,1007.150
1,1g,194mb,1g,132k,39,200k,33.354,1002.437
1,1g,194mb,1g,132k,39,9m,34.927,1005.752
1,1g,194mb,1g,132k,64,200k,53.718,985.349
1,1g,194mb,1g,132k,64,9m,98.764,513.499
1,1g,194mb,1g,132k,88,200k,119.432,573.394
1,1g,194mb,1g,132k,88,9m,110.209,649.373
1,1g,317mb,10m,20k,14,200k,1.411,9912.229
1,1g,317mb,10m,20k,14,9m,1.411,9912.586
1,1g,317mb,10m,20k,39,200k,3.909,9971.204
1,1g,317mb,10m,20k,39,9m,4.027,9670.448
1,1g,317mb,10m,20k,64,200k,6.429,9950.464
1,1g,317mb,10m,20k,64,9m,6.446,9899.441
1,1g,317mb,10m,20k,88,200k,9.059,9709.701
1,1g,317mb,10m,20k,88,9m,8.847,9908.078
1,1g,317mb,10m,58k,14,200k,3.593,3889.089
1,1g,317mb,10m,58k,14,9m,3.592,3895.166
1,1g,317mb,10m,58k,39,200k,9.993,3896.651
1,1g,317mb,10m,58k,39,9m,9.914,3894.860
1,1g,317mb,10m,58k,64,200k,16.743,3728.322
1,1g,317mb,10m,58k,64,9m,16.364,3889.247
1,1g,317mb,10m,58k,88,200k,22.312,3895.231
1,1g,317mb,10m,58k,88,9m,22.511,3891.819
1,1g,317mb,10m,95k,14,200k,5.469,2534.502
1,1g,317mb,10m,95k,14,9m,5.608,2469.851
1,1g,317mb,10m,95k,39,200k,14.925,2538.153
1,1g,317mb,10m,95k,39,9m,15.111,2473.348
1,1g,317mb,10m,95k,64,200k,23.060,2544.244
1,1g,317mb,10m,95k,64,9m,22.591,2539.347
1,1g,317mb,10m,95k,88,200k,29.680,2536.440
1,1g,317mb,10m,95k,88,9m,29.731,2538.094
1,1g,317mb,10m,132k,14,200k,7.285,1846.560
1,1g,317mb,10m,132k,14,9m,7.438,1843.575
1,1g,317mb,10m,132k,39,200k,20.162,1839.748
1,1g,317mb,10m,132k,39,9m,20.321,1837.745
1,1g,317mb,10m,132k,64,200k,32.300,1836.310
1,1g,317mb,10m,132k,64,9m,31.631,1843.410
1,1g,317mb,10m,132k,88,200k,40.937,1846.906
1,1g,317mb,10m,132k,88,9m,42.402,1833.678
1,1g,317mb,1g,20k,14,200k,2.192,6378.420
1,1g,317mb,1g,20k,14,9m,2.057,6798.859
1,1g,317mb,1g,20k,39,200k,5.995,6502.258
1,1g,317mb,1g,20k,39,9m,5.897,6463.382
1,1g,317mb,1g,20k,64,200k,10.038,6373.531
1,1g,317mb,1g,20k,64,9m,9.768,6523.430
1,1g,317mb,1g,20k,88,200k,13.430,6375.875
1,1g,317mb,1g,20k,88,9m,13.481,6358.730
1,1g,317mb,1g,58k,14,200k,5.669,2418.758
1,1g,317mb,1g,58k,14,9m,5.833,2381.957
1,1g,317mb,1g,58k,39,200k,15.569,2426.129
1,1g,317mb,1g,58k,39,9m,15.807,2420.588
1,1g,317mb,1g,58k,64,200k,24.058,2402.227
1,1g,317mb,1g,58k,64,9m,24.820,2408.566
1,1g,317mb,1g,58k,88,200k,31.909,2437.213
1,1g,317mb,1g,58k,88,9m,33.932,2413.230
1,1g,317mb,1g,95k,14,200k,8.752,1550.599
1,1g,317mb,1g,95k,14,9m,8.767,1561.598
1,1g,317mb,1g,95k,39,200k,22.958,1563.503
1,1g,317mb,1g,95k,39,9m,22.629,1582.315
1,1g,317mb,1g,95k,64,200k,37.961,1504.102
1,1g,317mb,1g,95k,64,9m,37.055,1587.277
1,1g,317mb,1g,95k,88,200k,46.685,1566.741
1,1g,317mb,1g,95k,88,9m,49.193,1563.240
1,1g,317mb,1g,132k,14,200k,12.244,1121.822
1,1g,317mb,1g,132k,14,9m,11.836,1165.177
1,1g,317mb,1g,132k,39,200k,31.263,1159.589
1,1g,317mb,1g,132k,39,9m,30.268,1141.325
1,1g,317mb,1g,132k,64,200k,47.648,1145.425
1,1g,317mb,1g,132k,64,9m,49.892,1139.691
1,1g,317mb,1g,132k,88,200k,60.336,1134.441
1,1g,317mb,1g,132k,88,9m,68.596,1099.328
1,1g,439mb,10m,20k,14,200k,1.526,9168.388
1,1g,439mb,10m,20k,14,9m,1.437,9729.588
1,1g,439mb,10m,20k,39,200k,3.923,9935.586
1,1g,439mb,10m,20k,39,9m,4.019,9690.128
1,1g,439mb,10m,20k,64,200k,6.412,9976.007
1,1g,439mb,10m,20k,64,9m,6.724,9494.943
1,1g,439mb,10m,20k,88,200k,8.837,9952.817
1,1g,439mb,10m,20k,88,9m,8.866,9892.154
1,1g,439mb,10m,58k,14,200k,3.672,3806.732
1,1g,439mb,10m,58k,14,9m,3.580,3890.992
1,1g,439mb,10m,58k,39,200k,9.944,3900.283
1,1g,439mb,10m,58k,39,9m,10.269,3794.117
1,1g,439mb,10m,58k,64,200k,16.643,3809.724
1,1g,439mb,10m,58k,64,9m,16.399,3887.891
1,1g,439mb,10m,58k,88,200k,22.591,3887.285
1,1g,439mb,10m,58k,88,9m,23.107,3788.902
1,1g,439mb,10m,95k,14,200k,5.591,2470.212
1,1g,439mb,10m,95k,14,9m,5.306,2542.527
1,1g,439mb,10m,95k,39,200k,14.492,2537.049
1,1g,439mb,10m,95k,39,9m,15.249,2533.962
1,1g,439mb,10m,95k,64,200k,23.698,2532.666
1,1g,439mb,10m,95k,64,9m,23.723,2474.653
1,1g,439mb,10m,95k,88,200k,30.976,2543.757
1,1g,439mb,10m,95k,88,9m,31.146,2532.173
1,1g,439mb,10m,132k,14,200k,7.670,1795.340
1,1g,439mb,10m,132k,14,9m,7.403,1841.677
1,1g,439mb,10m,132k,39,200k,20.672,1798.961
1,1g,439mb,10m,132k,39,9m,19.664,1845.378
1,1g,439mb,10m,132k,64,200k,31.105,1847.540
1,1g,439mb,10m,132k,64,9m,31.860,1842.176
1,1g,439mb,10m,132k,88,200k,40.258,1842.398
1,1g,439mb,10m,132k,88,9m,39.696,1843.089
1,1g,439mb,1g,20k,14,200k,2.181,6309.388
1,1g,439mb,1g,20k,14,9m,4.795,2728.125
1,1g,439mb,1g,20k,39,200k,10.170,3833.391
1,1g,439mb,1g,20k,39,9m,9.058,4298.882
1,1g,439mb,1g,20k,64,200k,14.847,4308.746
1,1g,439mb,1g,20k,64,9m,14.571,4381.596
1,1g,439mb,1g,20k,88,200k,19.894,4421.332
1,1g,439mb,1g,20k,88,9m,12.057,7283.378
1,1g,439mb,1g,58k,14,200k,5.396,2564.771
1,1g,439mb,1g,58k,14,9m,5.417,2552.456
1,1g,439mb,1g,58k,39,200k,14.585,2518.833
1,1g,439mb,1g,58k,39,9m,14.682,2543.384
1,1g,439mb,1g,58k,64,200k,23.570,2519.739
1,1g,439mb,1g,58k,64,9m,24.287,2395.760
1,1g,439mb,1g,58k,88,200k,31.446,2516.878
1,1g,439mb,1g,58k,88,9m,32.580,2513.600
1,1g,439mb,1g,95k,14,200k,8.461,1612.387
1,1g,439mb,1g,95k,14,9m,8.868,1566.958
1,1g,439mb,1g,95k,39,200k,22.145,1593.845
1,1g,439mb,1g,95k,39,9m,22.569,1579.267
1,1g,439mb,1g,95k,64,200k,37.603,1582.812
1,1g,439mb,1g,95k,64,9m,38.439,1524.777
1,1g,439mb,1g,95k,88,200k,48.874,1575.473
1,1g,439mb,1g,95k,88,9m,47.244,1588.099
1,1g,439mb,1g,132k,14,200k,11.820,1114.824
1,1g,439mb,1g,132k,14,9m,11.879,1167.042
1,1g,439mb,1g,132k,39,200k,30.167,1173.438
1,1g,439mb,1g,132k,39,9m,29.146,1177.672
1,1g,439mb,1g,132k,64,200k,48.004,1110.777
1,1g,439mb,1g,132k,64,9m,47.841,1126.908
1,1g,439mb,1g,132k,88,200k,62.901,1105.213
1,1g,439mb,1g,132k,88,9m,66.916,1114.159
1,1g,72mb,10m,20k,14,200k,3.993,3503.449
1,1g,72mb,10m,20k,14,9m,3.888,3595.647
1,1g,72mb,10m,20k,39,200k,10.839,3594.632
1,1g,72mb,10m,20k,39,9m,10.778,3611.000
1,1g,72mb,10m,20k,64,200k,17.723,3610.127
1,1g,72mb,10m,20k,64,9m,17.327,3681.100
1,1g,72mb,10m,20k,88,200k,24.373,3605.469
1,1g,72mb,10m,20k,88,9m,24.675,3555.864
1,1g,72mb,10m,58k,14,200k,10.420,1269.818
1,1g,72mb,10m,58k,14,9m,10.820,1269.220
1,1g,72mb,10m,58k,39,200k,28.542,1253.086
1,1g,72mb,10m,58k,39,9m,26.855,1269.634
1,1g,72mb,10m,58k,64,200k,41.507,1270.069
1,1g,72mb,10m,58k,64,9m,45.000,1267.917
1,1g,72mb,10m,58k,88,200k,64.352,1270.451
1,1g,72mb,10m,58k,88,9m,60.925,1270.410
1,1g,72mb,10m,95k,14,200k,18.000,774.983
1,1g,72mb,10m,95k,14,9m,17.291,774.982
1,1g,72mb,10m,95k,39,200k,44.818,775.412
1,1g,72mb,10m,95k,39,9m,42.381,764.895
1,1g,72mb,10m,95k,64,200k,70.093,775.834
1,1g,72mb,10m,95k,64,9m,61.197,775.834
1,1g,72mb,10m,95k,88,200k,100.992,776.235
1,1g,72mb,10m,95k,88,9m,96.010,776.595
1,1g,72mb,10m,132k,14,200k,24.936,545.846
1,1g,72mb,10m,132k,14,9m,24.669,558.227
1,1g,72mb,10m,132k,39,200k,65.495,545.797
1,1g,72mb,10m,132k,39,9m,64.542,558.228
1,1g,72mb,10m,132k,64,200k,98.939,559.411
1,1g,72mb,10m,132k,64,9m,94.521,545.763
1,1g,72mb,10m,132k,88,200k,175.858,367.792
1,1g,72mb,10m,132k,88,9m,150.447,453.237
1,1g,72mb,1g,20k,14,200k,4.316,3204.794
1,1g,72mb,1g,20k,14,9m,4.181,3305.541
1,1g,72mb,1g,20k,39,200k,12.307,3167.848
1,1g,72mb,1g,20k,39,9m,12.406,3138.207
1,1g,72mb,1g,20k,64,200k,19.691,3248.914
1,1g,72mb,1g,20k,64,9m,19.568,3262.461
1,1g,72mb,1g,20k,88,200k,27.431,3163.243
1,1g,72mb,1g,20k,88,9m,28.253,3100.846
1,1g,72mb,1g,58k,14,200k,12.036,1114.092
1,1g,72mb,1g,58k,14,9m,11.974,1129.843
1,1g,72mb,1g,58k,39,200k,31.099,1116.153
1,1g,72mb,1g,58k,39,9m,30.930,1134.476
1,1g,72mb,1g,58k,64,200k,50.034,1096.759
1,1g,72mb,1g,58k,64,9m,48.105,1122.128
1,1g,72mb,1g,58k,88,200k,66.467,1089.511
1,1g,72mb,1g,58k,88,9m,71.298,1077.040
1,1g,72mb,1g,95k,14,200k,19.270,691.570
1,1g,72mb,1g,95k,14,9m,19.660,684.004
1,1g,72mb,1g,95k,39,200k,44.484,675.140
1,1g,72mb,1g,95k,39,9m,53.701,680.051
1,1g,72mb,1g,95k,64,200k,69.816,693.538
1,1g,72mb,1g,95k,64,9m,83.285,662.119
1,1g,72mb,1g,95k,88,200k,115.501,640.979
1,1g,72mb,1g,95k,88,9m,104.839,631.863
1,1g,72mb,1g,132k,14,200k,27.089,501.466
1,1g,72mb,1g,132k,14,9m,26.834,504.231
1,1g,72mb,1g,132k,39,200k,66.920,500.644
1,1g,72mb,1g,132k,39,9m,73.722,505.800
1,1g,72mb,1g,132k,64,200k,102.244,498.684
1,1g,72mb,1g,132k,64,9m,125.274,485.131
1,1g,72mb,1g,132k,88,200k,179.858,470.012
1,1g,72mb,1g,132k,88,9m,137.084,499.699
1,8g,194mb,10m,20k,14,200k,1.598,8754.637
1,8g,194mb,10m,20k,14,9m,1.481,9441.310
1,8g,194mb,10m,20k,39,200k,4.071,9575.450
1,8g,194mb,10m,20k,39,9m,4.188,9297.925
1,8g,194mb,10m,20k,64,200k,6.678,9578.809
1,8g,194mb,10m,20k,64,9m,6.874,9284.782
1,8g,194mb,10m,20k,88,200k,9.204,9554.483
1,8g,194mb,10m,20k,88,9m,9.221,9521.280
1,8g,194mb,10m,58k,14,200k,4.071,3416.471
1,8g,194mb,10m,58k,14,9m,4.163,3360.958
1,8g,194mb,10m,58k,39,200k,11.611,3341.178
1,8g,194mb,10m,58k,39,9m,11.256,3417.264
1,8g,194mb,10m,58k,64,200k,18.626,3416.018
1,8g,194mb,10m,58k,64,9m,18.665,3410.271
1,8g,194mb,10m,58k,88,200k,25.572,3352.202
1,8g,194mb,10m,58k,88,9m,26.082,3337.764
1,8g,194mb,10m,95k,14,200k,6.653,2086.395
1,8g,194mb,10m,95k,14,9m,6.760,2045.769
1,8g,194mb,10m,95k,39,200k,17.341,2085.834
1,8g,194mb,10m,95k,39,9m,18.970,2038.918
1,8g,194mb,10m,95k,64,200k,28.051,2087.682
1,8g,194mb,10m,95k,64,9m,26.702,2084.534
1,8g,194mb,10m,95k,88,200k,37.378,2087.707
1,8g,194mb,10m,95k,88,9m,38.840,2038.492
1,8g,194mb,10m,132k,14,200k,8.958,1501.579
1,8g,194mb,10m,132k,14,9m,9.231,1470.021
1,8g,194mb,10m,132k,39,200k,23.944,1502.461
1,8g,194mb,10m,132k,39,9m,25.332,1466.862
1,8g,194mb,10m,132k,64,200k,38.722,1502.334
1,8g,194mb,10m,132k,64,9m,35.268,1469.566
1,8g,194mb,10m,132k,88,200k,51.546,1503.149
1,8g,194mb,10m,132k,88,9m,51.540,1500.745
1,8g,194mb,1g,20k,14,200k,2.151,6409.756
1,8g,194mb,1g,20k,14,9m,2.196,6232.533
1,8g,194mb,1g,20k,39,200k,5.951,6550.199
1,8g,194mb,1g,20k,39,9m,6.169,6313.044
1,8g,194mb,1g,20k,64,200k,9.951,6326.378
1,8g,194mb,1g,20k,64,9m,10.480,6094.368
1,8g,194mb,1g,20k,88,200k,13.903,6317.898
1,8g,194mb,1g,20k,88,9m,14.283,5993.264
1,8g,194mb,1g,58k,14,200k,6.548,2083.488
1,8g,194mb,1g,58k,14,9m,6.120,2273.156
1,8g,194mb,1g,58k,39,200k,17.585,2217.374
1,8g,194mb,1g,58k,39,9m,16.841,2294.683
1,8g,194mb,1g,58k,64,200k,25.893,2308.118
1,8g,194mb,1g,58k,64,9m,26.433,2215.969
1,8g,194mb,1g,58k,88,200k,34.534,2223.740
1,8g,194mb,1g,58k,88,9m,35.424,2282.113
1,8g,194mb,1g,95k,14,200k,9.735,1413.684
1,8g,194mb,1g,95k,14,9m,10.192,1349.444
1,8g,194mb,1g,95k,39,200k,25.914,1407.788
1,8g,194mb,1g,95k,39,9m,27.152,1325.544
1,8g,194mb,1g,95k,64,200k,46.152,1262.814
1,8g,194mb,1g,95k,64,9m,41.814,1403.896
1,8g,194mb,1g,95k,88,200k,52.312,1419.799
1,8g,194mb,1g,95k,88,9m,52.731,1403.772
1,8g,194mb,1g,132k,14,200k,13.202,1035.129
1,8g,194mb,1g,132k,14,9m,13.706,1000.747
1,8g,194mb,1g,132k,39,200k,35.676,1008.422
1,8g,194mb,1g,132k,39,9m,34.229,1042.597
1,8g,194mb,1g,132k,64,200k,53.974,1041.127
1,8g,194mb,1g,132k,64,9m,52.727,979.565
1,8g,194mb,1g,132k,88,200k,69.204,1001.450
1,8g,194mb,1g,132k,88,9m,85.694,781.448
1,8g,317mb,10m,20k,14,200k,1.511,9186.689
1,8g,317mb,10m,20k,14,9m,1.444,9684.482
1,8g,317mb,10m,20k,39,200k,3.995,9755.551
1,8g,317mb,10m,20k,39,9m,4.020,9688.977
1,8g,317mb,10m,20k,64,200k,6.433,9944.354
1,8g,317mb,10m,20k,64,9m,6.446,9891.582
1,8g,317mb,10m,20k,88,200k,8.883,9901.393
1,8g,317mb,10m,20k,88,9m,8.999,9742.007
1,8g,317mb,10m,58k,14,200k,3.609,3849.213
1,8g,317mb,10m,58k,14,9m,3.546,3919.456
1,8g,317mb,10m,58k,39,200k,9.716,3834.440
1,8g,317mb,10m,58k,39,9m,9.737,3840.791
1,8g,317mb,10m,58k,64,200k,15.318,3924.275
1,8g,317mb,10m,58k,64,9m,15.404,3923.001
1,8g,317mb,10m,58k,88,200k,21.581,3761.674
1,8g,317mb,10m,58k,88,9m,21.072,3913.707
1,8g,317mb,10m,95k,14,200k,5.392,2541.903
1,8g,317mb,10m,95k,14,9m,5.350,2542.654
1,8g,317mb,10m,95k,39,200k,14.542,2540.992
1,8g,317mb,10m,95k,39,9m,14.321,2538.915
1,8g,317mb,10m,95k,64,200k,22.567,2543.934
1,8g,317mb,10m,95k,64,9m,23.315,2472.382
1,8g,317mb,10m,95k,88,200k,30.684,2543.704
1,8g,317mb,10m,95k,88,9m,30.644,2537.630
1,8g,317mb,10m,132k,14,200k,7.529,1801.810
1,8g,317mb,10m,132k,14,9m,7.451,1840.739
1,8g,317mb,10m,132k,39,200k,20.121,1839.253
1,8g,317mb,10m,132k,39,9m,19.422,1838.959
1,8g,317mb,10m,132k,64,200k,32.034,1838.483
1,8g,317mb,10m,132k,64,9m,32.519,1837.009
1,8g,317mb,10m,132k,88,200k,39.352,1841.031
1,8g,317mb,10m,132k,88,9m,40.462,1843.281
1,8g,317mb,1g,20k,14,200k,2.197,6366.850
1,8g,317mb,1g,20k,14,9m,2.092,6686.589
1,8g,317mb,1g,20k,39,200k,6.092,6398.836
1,8g,317mb,1g,20k,39,9m,6.063,6425.362
1,8g,317mb,1g,20k,64,200k,9.417,6762.111
1,8g,317mb,1g,20k,64,9m,9.766,6534.381
1,8g,317mb,1g,20k,88,200k,13.801,6192.974
1,8g,317mb,1g,20k,88,9m,12.998,6748.446
1,8g,317mb,1g,58k,14,200k,5.859,2363.676
1,8g,317mb,1g,58k,14,9m,6.368,2163.843
1,8g,317mb,1g,58k,39,200k,14.910,2508.335
1,8g,317mb,1g,58k,39,9m,15.415,2414.567
1,8g,317mb,1g,58k,64,200k,25.493,2324.095
1,8g,317mb,1g,58k,64,9m,25.922,2357.947
1,8g,317mb,1g,58k,88,200k,36.316,2279.771
1,8g,317mb,1g,58k,88,9m,34.381,2243.254
1,8g,317mb,1g,95k,14,200k,9.298,1451.621
1,8g,317mb,1g,95k,14,9m,9.518,1435.702
1,8g,317mb,1g,95k,39,200k,26.231,1366.624
1,8g,317mb,1g,95k,39,9m,26.960,1385.907
1,8g,317mb,1g,95k,64,200k,39.550,1435.646
1,8g,317mb,1g,95k,64,9m,39.460,1428.202
1,8g,317mb,1g,95k,88,200k,52.082,1411.790
1,8g,317mb,1g,95k,88,9m,52.240,1380.674
1,8g,317mb,1g,132k,14,200k,12.581,1096.594
1,8g,317mb,1g,132k,14,9m,12.006,1090.494
1,8g,317mb,1g,132k,39,200k,33.805,1026.217
1,8g,317mb,1g,132k,39,9m,33.246,1075.815
1,8g,317mb,1g,132k,64,200k,63.316,923.321
1,8g,317mb,1g,132k,64,9m,50.091,1066.492
1,8g,317mb,1g,132k,88,200k,68.391,1070.627
1,8g,317mb,1g,132k,88,9m,70.530,1091.925
1,8g,439mb,10m,20k,14,200k,1.562,8953.746
1,8g,439mb,10m,20k,14,9m,1.439,9718.885
1,8g,439mb,10m,20k,39,200k,4.019,9697.314
1,8g,439mb,10m,20k,39,9m,4.022,9679.517
1,8g,439mb,10m,20k,64,200k,6.563,9747.305
1,8g,439mb,10m,20k,64,9m,6.443,9901.086
1,8g,439mb,10m,20k,88,200k,9.077,9598.776
1,8g,439mb,10m,20k,88,9m,9.094,9640.978
1,8g,439mb,10m,58k,14,200k,3.587,3891.529
1,8g,439mb,10m,58k,14,9m,3.663,3799.035
1,8g,439mb,10m,58k,39,200k,9.982,3895.600
1,8g,439mb,10m,58k,39,9m,9.768,3890.577
1,8g,439mb,10m,58k,64,200k,15.633,3839.643
1,8g,439mb,10m,58k,64,9m,15.476,3915.028
1,8g,439mb,10m,58k,88,200k,20.525,3925.447
1,8g,439mb,10m,58k,88,9m,21.264,3811.632
1,8g,439mb,10m,95k,14,200k,5.450,2542.966
1,8g,439mb,10m,95k,14,9m,5.392,2541.901
1,8g,439mb,10m,95k,39,200k,14.657,2477.464
1,8g,439mb,10m,95k,39,9m,14.632,2544.012
1,8g,439mb,10m,95k,64,200k,22.404,2541.638
1,8g,439mb,10m,95k,64,9m,23.159,2537.289
1,8g,439mb,10m,95k,88,200k,30.215,2544.543
1,8g,439mb,10m,95k,88,9m,31.050,2466.687
1,8g,439mb,10m,132k,14,200k,7.509,1845.739
1,8g,439mb,10m,132k,14,9m,7.898,1754.122
1,8g,439mb,10m,132k,39,200k,19.211,1842.326
1,8g,439mb,10m,132k,39,9m,20.108,1830.068
1,8g,439mb,10m,132k,64,200k,30.709,1846.531
1,8g,439mb,10m,132k,64,9m,31.538,1842.806
1,8g,439mb,10m,132k,88,200k,39.007,1846.762
1,8g,439mb,10m,132k,88,9m,41.744,1842.566
1,8g,439mb,1g,20k,14,200k,2.241,6242.714
1,8g,439mb,1g,20k,14,9m,2.096,6674.141
1,8g,439mb,1g,20k,39,200k,5.747,6781.792
1,8g,439mb,1g,20k,39,9m,5.971,6524.024
1,8g,439mb,1g,20k,64,200k,9.537,6708.035
1,8g,439mb,1g,20k,64,9m,10.871,5870.967
1,8g,439mb,1g,20k,88,200k,13.749,6397.932
1,8g,439mb,1g,20k,88,9m,13.633,6435.768
1,8g,439mb,1g,58k,14,200k,5.908,2368.770
1,8g,439mb,1g,58k,14,9m,5.983,2282.095
1,8g,439mb,1g,58k,39,200k,23.556,1563.144
1,8g,439mb,1g,58k,39,9m,15.530,2437.225
1,8g,439mb,1g,58k,64,200k,23.863,2464.488
1,8g,439mb,1g,58k,64,9m,24.109,2476.301
1,8g,439mb,1g,58k,88,200k,32.205,2481.791
1,8g,439mb,1g,58k,88,9m,32.935,2372.758
1,8g,439mb,1g,95k,14,200k,8.895,1515.352
1,8g,439mb,1g,95k,14,9m,8.939,1525.668
1,8g,439mb,1g,95k,39,200k,24.605,1479.239
1,8g,439mb,1g,95k,39,9m,25.012,1444.618
1,8g,439mb,1g,95k,64,200k,38.246,1437.517
1,8g,439mb,1g,95k,64,9m,43.187,1310.514
1,8g,439mb,1g,95k,88,200k,50.159,1518.729
1,8g,439mb,1g,95k,88,9m,51.517,1443.868
1,8g,439mb,1g,132k,14,200k,11.712,1163.738
1,8g,439mb,1g,132k,14,9m,11.673,1169.684
1,8g,439mb,1g,132k,39,200k,31.512,1111.209
1,8g,439mb,1g,132k,39,9m,32.788,1064.345
1,8g,439mb,1g,132k,64,200k,47.762,1078.828
1,8g,439mb,1g,132k,64,9m,51.824,1063.814
1,8g,439mb,1g,132k,88,200k,80.890,952.219
1,8g,439mb,1g,132k,88,9m,72.548,989.532
1,8g,72mb,10m,20k,14,200k,4.015,3485.735
1,8g,72mb,10m,20k,14,9m,3.872,3610.446
1,8g,72mb,10m,20k,39,200k,10.584,3680.244
1,8g,72mb,10m,20k,39,9m,10.775,3614.802
1,8g,72mb,10m,20k,64,200k,17.362,3681.333
1,8g,72mb,10m,20k,64,9m,17.599,3627.832
1,8g,72mb,10m,20k,88,200k,23.874,3680.764
1,8g,72mb,10m,20k,88,9m,23.830,3678.121
1,8g,72mb,10m,58k,14,200k,10.883,1269.238
1,8g,72mb,10m,58k,14,9m,10.979,1248.269
1,8g,72mb,10m,58k,39,200k,26.855,1269.644
1,8g,72mb,10m,58k,39,9m,29.271,1270.785
1,8g,72mb,10m,58k,64,200k,44.567,1248.083
1,8g,72mb,10m,58k,64,9m,46.151,1270.051
1,8g,72mb,10m,58k,88,200k,61.084,1270.449
1,8g,72mb,10m,58k,88,9m,56.011,1270.451
1,8g,72mb,10m,95k,14,200k,17.191,775.000
1,8g,72mb,10m,95k,14,9m,16.953,774.980
1,8g,72mb,10m,95k,39,200k,41.517,775.416
1,8g,72mb,10m,95k,39,9m,45.363,762.034
1,8g,72mb,10m,95k,64,200k,71.295,775.815
1,8g,72mb,10m,95k,64,9m,62.740,775.812
1,8g,72mb,10m,95k,88,200k,84.821,776.214
1,8g,72mb,10m,95k,88,9m,98.272,775.031
1,8g,72mb,10m,132k,14,200k,24.005,557.811
1,8g,72mb,10m,132k,14,9m,24.150,549.012
1,8g,72mb,10m,132k,39,200k,66.039,558.230
1,8g,72mb,10m,132k,39,9m,62.830,558.244
1,8g,72mb,10m,132k,64,200k,100.699,558.662
1,8g,72mb,10m,132k,64,9m,94.301,559.045
1,8g,72mb,10m,132k,88,200k,122.815,559.796
1,8g,72mb,10m,132k,88,9m,139.225,552.564
1,8g,72mb,1g,20k,14,200k,4.476,3124.255
1,8g,72mb,1g,20k,14,9m,4.282,3264.063
1,8g,72mb,1g,20k,39,200k,12.643,3083.026
1,8g,72mb,1g,20k,39,9m,12.349,3154.531
1,8g,72mb,1g,20k,64,200k,20.558,3112.208
1,8g,72mb,1g,20k,64,9m,20.244,3101.053
1,8g,72mb,1g,20k,88,200k,27.965,3123.445
1,8g,72mb,1g,20k,88,9m,26.860,3268.704
1,8g,72mb,1g,58k,14,200k,12.899,1080.025
1,8g,72mb,1g,58k,14,9m,12.424,1119.853
1,8g,72mb,1g,58k,39,200k,32.214,1119.014
1,8g,72mb,1g,58k,39,9m,32.694,1105.443
1,8g,72mb,1g,58k,64,200k,49.383,1103.338
1,8g,72mb,1g,58k,64,9m,50.051,1065.540
1,8g,72mb,1g,58k,88,200k,55.805,1126.437
1,8g,72mb,1g,58k,88,9m,67.982,1127.561
1,8g,72mb,1g,95k,14,200k,19.444,686.605
1,8g,72mb,1g,95k,14,9m,19.800,687.520
1,8g,72mb,1g,95k,39,200k,49.455,688.003
1,8g,72mb,1g,95k,39,9m,53.821,666.903
1,8g,72mb,1g,95k,64,200k,77.399,661.956
1,8g,72mb,1g,95k,64,9m,83.826,693.452
1,8g,72mb,1g,95k,88,200k,102.500,694.284
1,8g,72mb,1g,95k,88,9m,97.177,677.355
1,8g,72mb,1g,132k,14,200k,28.297,477.651
1,8g,72mb,1g,132k,14,9m,27.243,489.916
1,8g,72mb,1g,132k,39,200k,72.512,484.250
1,8g,72mb,1g,132k,39,9m,65.626,482.982
1,8g,72mb,1g,132k,64,200k,107.315,499.482
1,8g,72mb,1g,132k,64,9m,101.754,504.314
1,8g,72mb,1g,132k,88,200k,140.308,483.217
1,8g,72mb,1g,132k,88,9m,144.920,501.248
4,1g,194mb,10m,20k,14,200k,1.576,8875.770
4,1g,194mb,10m,20k,14,9m,1.538,9093.260
4,1g,194mb,10m,20k,39,200k,4.170,9346.251
4,1g,194mb,10m,20k,39,9m,4.275,9108.592
4,1g,194mb,10m,20k,64,200k,6.691,9559.669
4,1g,194mb,10m,20k,64,9m,7.271,8642.656
4,1g,194mb,10m,20k,88,200k,9.205,9555.375
4,1g,194mb,10m,20k,88,9m,9.402,9339.752
4,1g,194mb,10m,58k,14,200k,4.079,3415.466
4,1g,194mb,10m,58k,14,9m,4.084,3413.910
4,1g,194mb,10m,58k,39,200k,11.592,3359.267
4,1g,194mb,10m,58k,39,9m,11.193,3417.186
4,1g,194mb,10m,58k,64,200k,18.661,3417.900
4,1g,194mb,10m,58k,64,9m,18.378,3413.208
4,1g,194mb,10m,58k,88,200k,24.941,3416.987
4,1g,194mb,10m,58k,88,9m,25.527,3420.911
4,1g,194mb,10m,95k,14,200k,6.647,2087.220
4,1g,194mb,10m,95k,14,9m,6.645,2085.895
4,1g,194mb,10m,95k,39,200k,18.982,2037.009
4,1g,194mb,10m,95k,39,9m,17.530,2086.930
4,1g,194mb,10m,95k,64,200k,27.248,2087.748
4,1g,194mb,10m,95k,64,9m,29.950,2086.946
4,1g,194mb,10m,95k,88,200k,38.985,2087.665
4,1g,194mb,10m,95k,88,9m,38.798,2086.906
4,1g,194mb,10m,132k,14,200k,9.179,1501.733
4,1g,194mb,10m,132k,14,9m,9.258,1494.753
4,1g,194mb,10m,132k,39,200k,24.477,1472.271
4,1g,194mb,10m,132k,39,9m,24.954,1501.268
4,1g,194mb,10m,132k,64,200k,39.620,1502.545
4,1g,194mb,10m,132k,64,9m,39.496,1467.647
4,1g,194mb,10m,132k,88,200k,49.054,1502.764
4,1g,194mb,10m,132k,88,9m,52.328,1466.789
4,1g,194mb,1g,20k,14,200k,2.138,6539.725
4,1g,194mb,1g,20k,14,9m,2.197,6365.742
4,1g,194mb,1g,20k,39,200k,5.875,6635.487
4,1g,194mb,1g,20k,39,9m,6.179,6305.426
4,1g,194mb,1g,20k,64,200k,10.127,6290.765
4,1g,194mb,1g,20k,64,9m,10.527,6071.482
4,1g,194mb,1g,20k,88,200k,14.281,6159.164
4,1g,194mb,1g,20k,88,9m,14.038,6257.507
4,1g,194mb,1g,58k,14,200k,6.208,2186.682
4,1g,194mb,1g,58k,14,9m,6.226,2222.422
4,1g,194mb,1g,58k,39,200k,17.039,2197.656
4,1g,194mb,1g,58k,39,9m,16.292,2293.501
4,1g,194mb,1g,58k,64,200k,26.186,2219.213
4,1g,194mb,1g,58k,64,9m,28.689,2198.948
4,1g,194mb,1g,58k,88,200k,39.755,2209.611
4,1g,194mb,1g,58k,88,9m,35.488,2237.190
4,1g,194mb,1g,95k,14,200k,9.890,1379.809
4,1g,194mb,1g,95k,14,9m,10.106,1355.207
4,1g,194mb,1g,95k,39,200k,27.182,1373.525
4,1g,194mb,1g,95k,39,9m,25.535,1408.955
4,1g,194mb,1g,95k,64,200k,42.429,1393.724
4,1g,194mb,1g,95k,64,9m,42.889,1381.270
4,1g,194mb,1g,95k,88,200k,52.170,1359.824
4,1g,194mb,1g,95k,88,9m,59.131,1380.325
4,1g,194mb,1g,132k,14,200k,13.159,1027.098
4,1g,194mb,1g,132k,14,9m,13.258,1036.528
4,1g,194mb,1g,132k,39,200k,32.652,989.747
4,1g,194mb,1g,132k,39,9m,33.242,1039.009
4,1g,194mb,1g,132k,64,200k,53.818,1046.364
4,1g,194mb,1g,132k,64,9m,58.894,1039.616
4,1g,194mb,1g,132k,88,200k,73.669,993.333
4,1g,194mb,1g,132k,88,9m,76.068,1036.714
4,1g,317mb,10m,20k,14,200k,1.549,9027.420
4,1g,317mb,10m,20k,14,9m,1.446,9672.222
4,1g,317mb,10m,20k,39,200k,3.999,9745.262
4,1g,317mb,10m,20k,39,9m,3.980,9788.205
4,1g,317mb,10m,20k,64,200k,6.436,9938.503
4,1g,317mb,10m,20k,64,9m,6.436,9928.897
4,1g,317mb,10m,20k,88,200k,9.067,9700.398
4,1g,317mb,10m,20k,88,9m,9.016,9743.597
4,1g,317mb,10m,58k,14,200k,3.585,3884.921
4,1g,317mb,10m,58k,14,9m,3.581,3900.432
4,1g,317mb,10m,58k,39,200k,9.617,3914.281
4,1g,317mb,10m,58k,39,9m,9.761,3925.931
4,1g,317mb,10m,58k,64,200k,15.923,3922.354
4,1g,317mb,10m,58k,64,9m,15.834,3840.287
4,1g,317mb,10m,58k,88,200k,20.697,3836.292
4,1g,317mb,10m,58k,88,9m,21.059,3922.785
4,1g,317mb,10m,95k,14,200k,5.552,2487.344
4,1g,317mb,10m,95k,14,9m,5.377,2542.405
4,1g,317mb,10m,95k,39,200k,14.319,2542.429
4,1g,317mb,10m,95k,39,9m,14.697,2541.008
4,1g,317mb,10m,95k,64,200k,22.714,2538.406
4,1g,317mb,10m,95k,64,9m,23.364,2485.498
4,1g,317mb,10m,95k,88,200k,31.576,2538.111
4,1g,317mb,10m,95k,88,9m,31.125,2535.891
4,1g,317mb,10m,132k,14,200k,7.543,1837.545
4,1g,317mb,10m,132k,14,9m,7.501,1836.531
4,1g,317mb,10m,132k,39,200k,20.428,1841.398
4,1g,317mb,10m,132k,39,9m,19.618,1845.925
4,1g,317mb,10m,132k,64,200k,28.432,1847.539
4,1g,317mb,10m,132k,64,9m,30.733,1850.261
4,1g,317mb,10m,132k,88,200k,41.495,1847.326
4,1g,317mb,10m,132k,88,9m,43.506,1845.497
4,1g,317mb,1g,20k,14,200k,2.214,6280.605
4,1g,317mb,1g,20k,14,9m,2.070,6756.641
4,1g,317mb,1g,20k,39,200k,5.860,6479.174
4,1g,317mb,1g,20k,39,9m,5.816,6699.647
4,1g,317mb,1g,20k,64,200k,9.690,6501.528
4,1g,317mb,1g,20k,64,9m,9.547,6694.601
4,1g,317mb,1g,20k,88,200k,13.355,6586.400
4,1g,317mb,1g,20k,88,9m,13.213,6479.128
4,1g,317mb,1g,58k,14,200k,5.573,2435.544
4,1g,317mb,1g,58k,14,9m,5.530,2508.861
4,1g,317mb,1g,58k,39,200k,14.912,2464.170
4,1g,317mb,1g,58k,39,9m,15.048,2461.760
4,1g,317mb,1g,58k,64,200k,24.462,2416.959
4,1g,317mb,1g,58k,64,9m,25.543,2471.316
4,1g,317mb,1g,58k,88,200k,35.430,2473.151
4,1g,317mb,1g,58k,88,9m,33.863,2457.088
4,1g,317mb,1g,95k,14,200k,15.622,876.011
4,1g,317mb,1g,95k,14,9m,15.766,841.877
4,1g,317mb,1g,95k,39,200k,40.886,857.742
4,1g,317mb,1g,95k,39,9m,42.931,856.288
4,1g,317mb,1g,95k,64,200k,71.512,842.289
4,1g,317mb,1g,95k,64,9m,35.616,1677.264
4,1g,317mb,1g,95k,88,200k,46.632,1562.839
4,1g,317mb,1g,95k,88,9m,50.272,1534.676
4,1g,317mb,1g,132k,14,200k,11.638,1123.094
4,1g,317mb,1g,132k,14,9m,12.264,1091.124
4,1g,317mb,1g,132k,39,200k,32.149,1115.293
4,1g,317mb,1g,132k,39,9m,31.054,1110.393
4,1g,317mb,1g,132k,64,200k,50.315,1116.693
4,1g,317mb,1g,132k,64,9m,53.399,1064.512
4,1g,317mb,1g,132k,88,200k,64.225,1119.328
4,1g,317mb,1g,132k,88,9m,68.205,1102.138
4,1g,439mb,10m,20k,14,200k,1.563,8945.930
4,1g,439mb,10m,20k,14,9m,1.440,9709.956
4,1g,439mb,10m,20k,39,200k,4.013,9712.189
4,1g,439mb,10m,20k,39,9m,3.921,9934.935
4,1g,439mb,10m,20k,64,200k,6.604,9686.766
4,1g,439mb,10m,20k,64,9m,6.443,9919.074
4,1g,439mb,10m,20k,88,200k,8.838,9952.403
4,1g,439mb,10m,20k,88,9m,8.864,9910.857
4,1g,439mb,10m,58k,14,200k,3.666,3797.761
4,1g,439mb,10m,58k,14,9m,3.661,3816.255
4,1g,439mb,10m,58k,39,200k,10.005,3897.029
4,1g,439mb,10m,58k,39,9m,9.910,3818.815
4,1g,439mb,10m,58k,64,200k,15.222,3919.227
4,1g,439mb,10m,58k,64,9m,15.475,3861.787
4,1g,439mb,10m,58k,88,200k,21.280,3926.473
4,1g,439mb,10m,58k,88,9m,21.083,3932.371
4,1g,439mb,10m,95k,14,200k,5.391,2542.525
4,1g,439mb,10m,95k,14,9m,5.578,2484.276
4,1g,439mb,10m,95k,39,200k,14.398,2542.075
4,1g,439mb,10m,95k,39,9m,14.402,2542.738
4,1g,439mb,10m,95k,64,200k,22.487,2542.585
4,1g,439mb,10m,95k,64,9m,22.977,2547.711
4,1g,439mb,10m,95k,88,200k,31.276,2543.322
4,1g,439mb,10m,95k,88,9m,31.456,2534.834
4,1g,439mb,10m,132k,14,200k,7.473,1843.043
4,1g,439mb,10m,132k,14,9m,7.598,1802.746
4,1g,439mb,10m,132k,39,200k,20.423,1842.089
4,1g,439mb,10m,132k,39,9m,18.951,1846.445
4,1g,439mb,10m,132k,64,200k,30.971,1844.280
4,1g,439mb,10m,132k,64,9m,31.035,1847.212
4,1g,439mb,10m,132k,88,200k,40.554,1845.965
4,1g,439mb,10m,132k,88,9m,39.692,1847.519
4,1g,439mb,1g,20k,14,200k,2.179,6417.718
4,1g,439mb,1g,20k,14,9m,2.085,6708.127
4,1g,439mb,1g,20k,39,200k,5.951,6372.423
4,1g,439mb,1g,20k,39,9m,5.871,6492.730
4,1g,439mb,1g,20k,64,200k,10.254,6239.131
4,1g,439mb,1g,20k,64,9m,9.541,6655.295
4,1g,439mb,1g,20k,88,200k,13.366,6481.699
4,1g,439mb,1g,20k,88,9m,13.231,6526.019
4,1g,439mb,1g,58k,14,200k,5.922,2346.975
4,1g,439mb,1g,58k,14,9m,5.566,2470.723
4,1g,439mb,1g,58k,39,200k,15.408,2491.132
4,1g,439mb,1g,58k,39,9m,15.282,2485.955
4,1g,439mb,1g,58k,64,200k,24.266,2417.753
4,1g,439mb,1g,58k,64,9m,23.520,2483.284
4,1g,439mb,1g,58k,88,200k,31.958,2502.551
4,1g,439mb,1g,58k,88,9m,31.127,2460.365
4,1g,439mb,1g,95k,14,200k,8.790,1555.147
4,1g,439mb,1g,95k,14,9m,8.740,1577.245
4,1g,439mb,1g,95k,39,200k,22.919,1582.123
4,1g,439mb,1g,95k,39,9m,24.520,1514.417
4,1g,439mb,1g,95k,64,200k,35.750,1574.960
4,1g,439mb,1g,95k,64,9m,36.711,1581.949
4,1g,439mb,1g,95k,88,200k,49.446,1573.038
4,1g,439mb,1g,95k,88,9m,49.507,1523.108
4,1g,439mb,1g,132k,14,200k,11.658,1158.379
4,1g,439mb,1g,132k,14,9m,11.854,1160.607
4,1g,439mb,1g,132k,39,200k,31.059,1161.609
4,1g,439mb,1g,132k,39,9m,32.280,1128.552
4,1g,439mb,1g,132k,64,200k,44.620,1178.640
4,1g,439mb,1g,132k,64,9m,41.644,1184.853
4,1g,439mb,1g,132k,88,200k,64.440,1196.119
4,1g,439mb,1g,132k,88,9m,68.004,1148.403
4,1g,72mb,10m,20k,14,200k,3.951,3541.413
4,1g,72mb,10m,20k,14,9m,3.871,3610.716
4,1g,72mb,10m,20k,39,200k,10.743,3627.353
4,1g,72mb,10m,20k,39,9m,10.581,3680.693
4,1g,72mb,10m,20k,64,200k,17.763,3598.430
4,1g,72mb,10m,20k,64,9m,17.670,3613.628
4,1g,72mb,10m,20k,88,200k,23.876,3680.841
4,1g,72mb,10m,20k,88,9m,24.316,3609.061
4,1g,72mb,10m,58k,14,200k,10.700,1269.201
4,1g,72mb,10m,58k,14,9m,10.896,1270.825
4,1g,72mb,10m,58k,39,200k,30.397,1268.911
4,1g,72mb,10m,58k,39,9m,29.574,1252.612
4,1g,72mb,10m,58k,64,200k,48.356,1270.343
4,1g,72mb,10m,58k,64,9m,48.541,1270.123
4,1g,72mb,10m,58k,88,200k,56.538,1270.442
4,1g,72mb,10m,58k,88,9m,59.454,1271.045
4,1g,72mb,10m,95k,14,200k,17.688,774.998
4,1g,72mb,10m,95k,14,9m,17.280,776.039
4,1g,72mb,10m,95k,39,200k,46.768,775.410
4,1g,72mb,10m,95k,39,9m,43.386,775.796
4,1g,72mb,10m,95k,64,200k,66.554,775.800
4,1g,72mb,10m,95k,64,9m,69.049,776.112
4,1g,72mb,10m,95k,88,200k,62.304,777.111
4,1g,72mb,10m,95k,88,9m,94.995,775.471
4,1g,72mb,10m,132k,14,200k,24.451,558.095
4,1g,72mb,10m,132k,14,9m,23.443,557.830
4,1g,72mb,10m,132k,39,200k,65.386,558.647
4,1g,72mb,10m,132k,39,9m,60.725,558.213
4,1g,72mb,10m,132k,64,200k,99.138,559.295
4,1g,72mb,10m,132k,64,9m,101.124,558.648
4,1g,72mb,10m,132k,88,200k,124.285,559.944
4,1g,72mb,10m,132k,88,9m,123.717,559.361
4,1g,72mb,1g,20k,14,200k,4.429,3156.991
4,1g,72mb,1g,20k,14,9m,4.322,3234.254
4,1g,72mb,1g,20k,39,200k,11.873,3284.002
4,1g,72mb,1g,20k,39,9m,12.214,3112.629
4,1g,72mb,1g,20k,64,200k,20.404,3134.179
4,1g,72mb,1g,20k,64,9m,19.853,3215.297
4,1g,72mb,1g,20k,88,200k,26.871,3270.616
4,1g,72mb,1g,20k,88,9m,27.100,3241.739
4,1g,72mb,1g,58k,14,200k,12.497,1113.788
4,1g,72mb,1g,58k,14,9m,12.157,1138.385
4,1g,72mb,1g,58k,39,200k,31.766,1113.136
4,1g,72mb,1g,58k,39,9m,30.327,1101.165
4,1g,72mb,1g,58k,64,200k,53.281,1055.045
4,1g,72mb,1g,58k,64,9m,50.259,1102.391
4,1g,72mb,1g,58k,88,200k,65.217,1132.409
4,1g,72mb,1g,58k,88,9m,67.268,1125.392
4,1g,72mb,1g,95k,14,200k,18.688,687.670
4,1g,72mb,1g,95k,14,9m,19.995,683.137
4,1g,72mb,1g,95k,39,200k,56.932,675.270
4,1g,72mb,1g,95k,39,9m,53.911,665.027
4,1g,72mb,1g,95k,64,200k,83.342,682.326
4,1g,72mb,1g,95k,64,9m,74.464,691.905
4,1g,72mb,1g,95k,88,200k,102.830,684.519
4,1g,72mb,1g,95k,88,9m,99.163,694.266
4,1g,72mb,1g,132k,14,200k,25.956,501.499
4,1g,72mb,1g,132k,14,9m,27.767,481.901
4,1g,72mb,1g,132k,39,200k,70.984,480.600
4,1g,72mb,1g,132k,39,9m,68.868,492.416
4,1g,72mb,1g,132k,64,200k,90.209,500.266
4,1g,72mb,1g,132k,64,9m,110.617,499.767
4,1g,72mb,1g,132k,88,200k,137.410,502.532
4,1g,72mb,1g,132k,88,9m,145.134,492.316
4,8g,194mb,10m,20k,14,200k,1.577,8867.010
4,8g,194mb,10m,20k,14,9m,1.496,9348.740
4,8g,194mb,10m,20k,39,200k,4.303,9058.487
4,8g,194mb,10m,20k,39,9m,4.064,9584.524
4,8g,194mb,10m,20k,64,200k,7.202,8882.451
4,8g,194mb,10m,20k,64,9m,6.701,9537.518
4,8g,194mb,10m,20k,88,200k,9.436,9319.959
4,8g,194mb,10m,20k,88,9m,9.189,9560.003
4,8g,194mb,10m,58k,14,200k,4.021,3415.743
4,8g,194mb,10m,58k,14,9m,4.022,3414.117
4,8g,194mb,10m,58k,39,200k,11.264,3416.162
4,8g,194mb,10m,58k,39,9m,11.357,3414.032
4,8g,194mb,10m,58k,64,200k,19.140,3342.301
4,8g,194mb,10m,58k,64,9m,18.061,3410.617
4,8g,194mb,10m,58k,88,200k,25.648,3417.275
4,8g,194mb,10m,58k,88,9m,25.642,3410.818
4,8g,194mb,10m,95k,14,200k,6.686,2086.447
4,8g,194mb,10m,95k,14,9m,6.812,2031.085
4,8g,194mb,10m,95k,39,200k,17.831,2043.765
4,8g,194mb,10m,95k,39,9m,18.254,2086.815
4,8g,194mb,10m,95k,64,200k,29.110,2041.399
4,8g,194mb,10m,95k,64,9m,29.880,2040.199
4,8g,194mb,10m,95k,88,200k,39.056,2085.101
4,8g,194mb,10m,95k,88,9m,40.236,2032.185
4,8g,194mb,10m,132k,14,200k,9.199,1501.595
4,8g,194mb,10m,132k,14,9m,9.169,1501.950
4,8g,194mb,10m,132k,39,200k,25.186,1462.396
4,8g,194mb,10m,132k,39,9m,23.909,1501.759
4,8g,194mb,10m,132k,64,200k,66.938,750.098
4,8g,194mb,10m,132k,64,9m,58.139,990.700
4,8g,194mb,10m,132k,88,200k,49.076,1502.762
4,8g,194mb,10m,132k,88,9m,54.324,1500.113
4,8g,194mb,1g,20k,14,200k,2.229,6192.160
4,8g,194mb,1g,20k,14,9m,2.085,6586.045
4,8g,194mb,1g,20k,39,200k,5.981,6377.153
4,8g,194mb,1g,20k,39,9m,5.916,6586.700
4,8g,194mb,1g,20k,64,200k,9.962,6422.359
4,8g,194mb,1g,20k,64,9m,9.780,6536.016
4,8g,194mb,1g,20k,88,200k,13.529,6367.414
4,8g,194mb,1g,20k,88,9m,13.501,6505.633
4,8g,194mb,1g,58k,14,200k,5.923,2279.806
4,8g,194mb,1g,58k,14,9m,5.950,2314.843
4,8g,194mb,1g,58k,39,200k,16.021,2290.658
4,8g,194mb,1g,58k,39,9m,17.057,2275.012
4,8g,194mb,1g,58k,64,200k,24.824,2315.995
4,8g,194mb,1g,58k,64,9m,26.208,2296.825
4,8g,194mb,1g,58k,88,200k,35.226,2281.774
4,8g,194mb,1g,58k,88,9m,35.470,2325.042
4,8g,194mb,1g,95k,14,200k,9.679,1421.760
4,8g,194mb,1g,95k,14,9m,9.324,1422.649
4,8g,194mb,1g,95k,39,200k,26.185,1361.208
4,8g,194mb,1g,95k,39,9m,26.057,1429.383
4,8g,194mb,1g,95k,64,200k,40.111,1418.655
4,8g,194mb,1g,95k,64,9m,41.208,1423.383
4,8g,194mb,1g,95k,88,200k,52.315,1359.907
4,8g,194mb,1g,95k,88,9m,52.368,1408.058
4,8g,194mb,1g,132k,14,200k,13.848,1005.815
4,8g,194mb,1g,132k,14,9m,12.852,1030.962
4,8g,194mb,1g,132k,39,200k,34.775,1015.702
4,8g,194mb,1g,132k,39,9m,35.795,985.050
4,8g,194mb,1g,132k,64,200k,51.028,1041.478
4,8g,194mb,1g,132k,64,9m,55.266,967.450
4,8g,194mb,1g,132k,88,200k,100.478,726.336
4,8g,194mb,1g,132k,88,9m,71.586,1048.209
4,8g,317mb,10m,20k,14,200k,1.524,9177.921
4,8g,317mb,10m,20k,14,9m,1.476,9472.523
4,8g,317mb,10m,20k,39,200k,4.020,9696.192
4,8g,317mb,10m,20k,39,9m,4.015,9697.944
4,8g,317mb,10m,20k,64,200k,6.440,9932.912
4,8g,317mb,10m,20k,64,9m,6.553,9750.310
4,8g,317mb,10m,20k,88,200k,8.836,9953.171
4,8g,317mb,10m,20k,88,9m,8.855,9917.824
4,8g,317mb,10m,58k,14,200k,3.587,3884.342
4,8g,317mb,10m,58k,14,9m,3.646,3805.248
4,8g,317mb,10m,58k,39,200k,10.006,3896.678
4,8g,317mb,10m,58k,39,9m,10.093,3821.925
4,8g,317mb,10m,58k,64,200k,16.387,3901.575
4,8g,317mb,10m,58k,64,9m,16.241,3901.544
4,8g,317mb,10m,58k,88,200k,22.190,3815.744
4,8g,317mb,10m,58k,88,9m,20.930,3927.253
4,8g,317mb,10m,95k,14,200k,5.352,2541.954
4,8g,317mb,10m,95k,14,9m,5.449,2540.964
4,8g,317mb,10m,95k,39,200k,14.820,2544.010
4,8g,317mb,10m,95k,39,9m,14.996,2486.657
4,8g,317mb,10m,95k,64,200k,22.567,2548.351
4,8g,317mb,10m,95k,64,9m,22.886,2547.809
4,8g,317mb,10m,95k,88,200k,28.962,2545.294
4,8g,317mb,10m,95k,88,9m,30.801,2530.744
4,8g,317mb,10m,132k,14,200k,7.417,1846.219
4,8g,317mb,10m,132k,14,9m,7.498,1845.191
4,8g,317mb,10m,132k,39,200k,19.354,1846.529
4,8g,317mb,10m,132k,39,9m,20.020,1846.392
4,8g,317mb,10m,132k,64,200k,31.384,1847.025
4,8g,317mb,10m,132k,64,9m,31.086,1845.413
4,8g,317mb,10m,132k,88,200k,38.437,1846.447
4,8g,317mb,10m,132k,88,9m,42.463,1846.748
4,8g,317mb,1g,20k,14,200k,2.178,6424.945
4,8g,317mb,1g,20k,14,9m,2.170,6447.448
4,8g,317mb,1g,20k,39,200k,5.688,6771.337
4,8g,317mb,1g,20k,39,9m,5.947,6550.991
4,8g,317mb,1g,20k,64,200k,9.526,6696.265
4,8g,317mb,1g,20k,64,9m,9.907,6303.451
4,8g,317mb,1g,20k,88,200k,13.777,6304.946
4,8g,317mb,1g,20k,88,9m,14.035,6259.618
4,8g,317mb,1g,58k,14,200k,5.647,2471.558
4,8g,317mb,1g,58k,14,9m,5.670,2462.828
4,8g,317mb,1g,58k,39,200k,15.642,2408.589
4,8g,317mb,1g,58k,39,9m,14.801,2514.944
4,8g,317mb,1g,58k,64,200k,24.945,2432.378
4,8g,317mb,1g,58k,64,9m,25.610,2285.181
4,8g,317mb,1g,58k,88,200k,31.226,2473.167
4,8g,317mb,1g,58k,88,9m,34.409,2359.414
4,8g,317mb,1g,95k,14,200k,8.855,1526.780
4,8g,317mb,1g,95k,14,9m,9.627,1390.470
4,8g,317mb,1g,95k,39,200k,23.969,1511.849
4,8g,317mb,1g,95k,39,9m,24.053,1500.442
4,8g,317mb,1g,95k,64,200k,38.480,1505.336
4,8g,317mb,1g,95k,64,9m,39.790,1443.493
4,8g,317mb,1g,95k,88,200k,50.083,1525.001
4,8g,317mb,1g,95k,88,9m,51.375,1486.718
4,8g,317mb,1g,132k,14,200k,12.204,1117.171
4,8g,317mb,1g,132k,14,9m,13.005,1060.749
4,8g,317mb,1g,132k,39,200k,32.702,1103.608
4,8g,317mb,1g,132k,39,9m,35.292,1064.827
4,8g,317mb,1g,132k,64,200k,50.766,1091.408
4,8g,317mb,1g,132k,64,9m,50.319,1132.279
4,8g,317mb,1g,132k,88,200k,62.202,1115.260
4,8g,317mb,1g,132k,88,9m,64.563,1114.526
4,8g,439mb,10m,20k,14,200k,1.535,9111.372
4,8g,439mb,10m,20k,14,9m,1.456,9601.202
4,8g,439mb,10m,20k,39,200k,4.017,9702.409
4,8g,439mb,10m,20k,39,9m,3.999,9741.760
4,8g,439mb,10m,20k,64,200k,6.681,9574.603
4,8g,439mb,10m,20k,64,9m,6.429,9938.572
4,8g,439mb,10m,20k,88,200k,9.050,9717.936
4,8g,439mb,10m,20k,88,9m,8.854,9919.698
4,8g,439mb,10m,58k,14,200k,3.626,3812.662
4,8g,439mb,10m,58k,14,9m,3.575,3895.688
4,8g,439mb,10m,58k,39,200k,9.872,3897.840
4,8g,439mb,10m,58k,39,9m,10.181,3817.861
4,8g,439mb,10m,58k,64,200k,16.153,3900.860
4,8g,439mb,10m,58k,64,9m,16.310,3893.903
4,8g,439mb,10m,58k,88,200k,22.304,3905.471
4,8g,439mb,10m,58k,88,9m,23.640,3688.541
4,8g,439mb,10m,95k,14,200k,5.457,2528.537
4,8g,439mb,10m,95k,14,9m,5.417,2533.075
4,8g,439mb,10m,95k,39,200k,15.327,2536.697
4,8g,439mb,10m,95k,39,9m,14.802,2543.046
4,8g,439mb,10m,95k,64,200k,24.249,2489.431
4,8g,439mb,10m,95k,64,9m,22.900,2475.481
4,8g,439mb,10m,95k,88,200k,30.365,2544.714
4,8g,439mb,10m,95k,88,9m,31.285,2473.908
4,8g,439mb,10m,132k,14,200k,7.696,1795.852
4,8g,439mb,10m,132k,14,9m,8.839,1549.513
4,8g,439mb,10m,132k,39,200k,19.141,1851.011
4,8g,439mb,10m,132k,39,9m,19.537,1849.798
4,8g,439mb,10m,132k,64,200k,30.298,1844.991
4,8g,439mb,10m,132k,64,9m,31.035,1839.420
4,8g,439mb,10m,132k,88,200k,40.938,1836.454
4,8g,439mb,10m,132k,88,9m,42.091,1838.415
4,8g,439mb,1g,20k,14,200k,2.166,6458.156
4,8g,439mb,1g,20k,14,9m,2.114,6450.690
4,8g,439mb,1g,20k,39,200k,6.059,6433.415
4,8g,439mb,1g,20k,39,9m,5.971,6524.068
4,8g,439mb,1g,20k,64,200k,10.019,6385.669
4,8g,439mb,1g,20k,64,9m,9.578,6583.938
4,8g,439mb,1g,20k,88,200k,14.000,6283.271
4,8g,439mb,1g,20k,88,9m,13.515,6501.768
4,8g,439mb,1g,58k,14,200k,5.667,2454.843
4,8g,439mb,1g,58k,14,9m,5.970,2312.198
4,8g,439mb,1g,58k,39,200k,15.880,2351.890
4,8g,439mb,1g,58k,39,9m,15.019,2477.157
4,8g,439mb,1g,58k,64,200k,24.771,2397.644
4,8g,439mb,1g,58k,64,9m,23.839,2503.390
4,8g,439mb,1g,58k,88,200k,31.822,2523.268
4,8g,439mb,1g,58k,88,9m,33.035,2368.905
4,8g,439mb,1g,95k,14,200k,8.925,1535.675
4,8g,439mb,1g,95k,14,9m,8.721,1548.699
4,8g,439mb,1g,95k,39,200k,24.351,1499.156
4,8g,439mb,1g,95k,39,9m,23.981,1471.243
4,8g,439mb,1g,95k,64,200k,43.782,1312.080
4,8g,439mb,1g,95k,64,9m,37.262,1512.016
4,8g,439mb,1g,95k,88,200k,48.432,1520.217
4,8g,439mb,1g,95k,88,9m,51.000,1525.370
4,8g,439mb,1g,132k,14,200k,12.413,1101.390
4,8g,439mb,1g,132k,14,9m,12.236,1121.658
4,8g,439mb,1g,132k,39,200k,31.934,1088.945
4,8g,439mb,1g,132k,39,9m,34.366,1073.628
4,8g,439mb,1g,132k,64,200k,55.449,1066.746
4,8g,439mb,1g,132k,64,9m,51.961,1086.429
4,8g,439mb,1g,132k,88,200k,65.627,1082.680
4,8g,439mb,1g,132k,88,9m,77.061,1049.976
4,8g,72mb,10m,20k,14,200k,4.089,3419.096
4,8g,72mb,10m,20k,14,9m,3.873,3608.706
4,8g,72mb,10m,20k,39,200k,10.772,3615.951
4,8g,72mb,10m,20k,39,9m,10.775,3614.892
4,8g,72mb,10m,20k,64,200k,17.366,3680.626
4,8g,72mb,10m,20k,64,9m,17.662,3619.127
4,8g,72mb,10m,20k,88,200k,23.870,3681.515
4,8g,72mb,10m,20k,88,9m,24.264,3616.961
4,8g,72mb,10m,58k,14,200k,10.975,1250.832
4,8g,72mb,10m,58k,14,9m,10.908,1268.354
4,8g,72mb,10m,58k,39,200k,30.327,1269.638
4,8g,72mb,10m,58k,39,9m,28.562,1269.625
4,8g,72mb,10m,58k,64,200k,43.271,1270.058
4,8g,72mb,10m,58k,64,9m,47.486,1270.058
4,8g,72mb,10m,58k,88,200k,60.220,1270.470
4,8g,72mb,10m,58k,88,9m,59.055,1271.061
4,8g,72mb,10m,95k,14,200k,17.532,774.995
4,8g,72mb,10m,95k,14,9m,17.672,775.663
4,8g,72mb,10m,95k,39,200k,40.891,775.380
4,8g,72mb,10m,95k,39,9m,49.096,775.912
4,8g,72mb,10m,95k,64,200k,67.322,775.813
4,8g,72mb,10m,95k,64,9m,75.547,775.797
4,8g,72mb,10m,95k,88,200k,87.503,776.217
4,8g,72mb,10m,95k,88,9m,89.931,776.211
4,8g,72mb,10m,132k,14,200k,24.629,557.827
4,8g,72mb,10m,132k,14,9m,24.544,557.830
4,8g,72mb,10m,132k,39,200k,60.903,558.244
4,8g,72mb,10m,132k,39,9m,60.972,558.244
4,8g,72mb,10m,132k,64,200k,104.724,558.644
4,8g,72mb,10m,132k,64,9m,90.704,552.677
4,8g,72mb,10m,132k,88,200k,141.103,559.045
4,8g,72mb,10m,132k,88,9m,136.308,559.049
4,8g,72mb,1g,20k,14,200k,4.493,3095.113
4,8g,72mb,1g,20k,14,9m,4.233,3301.948
4,8g,72mb,1g,20k,39,200k,12.431,3136.542
4,8g,72mb,1g,20k,39,9m,12.137,3208.891
4,8g,72mb,1g,20k,64,200k,19.609,3263.011
4,8g,72mb,1g,20k,64,9m,20.697,3088.822
4,8g,72mb,1g,20k,88,200k,28.972,3034.039
4,8g,72mb,1g,20k,88,9m,27.262,3222.328
4,8g,72mb,1g,58k,14,200k,12.448,1086.915
4,8g,72mb,1g,58k,14,9m,12.157,1112.571
4,8g,72mb,1g,58k,39,200k,31.204,1110.827
4,8g,72mb,1g,58k,39,9m,34.429,1101.172
4,8g,72mb,1g,58k,64,200k,52.720,1055.080
4,8g,72mb,1g,58k,64,9m,54.550,1103.139
4,8g,72mb,1g,58k,88,200k,73.655,1099.745
4,8g,72mb,1g,58k,88,9m,67.223,1106.502
4,8g,72mb,1g,95k,14,200k,20.269,673.739
4,8g,72mb,1g,95k,14,9m,20.186,673.805
4,8g,72mb,1g,95k,39,200k,52.011,649.039
4,8g,72mb,1g,95k,39,9m,54.183,673.906
4,8g,72mb,1g,95k,64,200k,80.488,663.889
4,8g,72mb,1g,95k,64,9m,76.528,671.822
4,8g,72mb,1g,95k,88,200k,109.400,667.905
4,8g,72mb,1g,95k,88,9m,103.957,652.525
4,8g,72mb,1g,132k,14,200k,29.668,458.168
4,8g,72mb,1g,132k,14,9m,28.651,475.134
4,8g,72mb,1g,132k,39,200k,65.764,493.600
4,8g,72mb,1g,132k,39,9m,63.160,485.652
4,8g,72mb,1g,132k,64,200k,101.668,496.034
4,8g,72mb,1g,132k,64,9m,111.230,482.815
4,8g,72mb,1g,132k,88,200k,149.086,468.535
4,8g,72mb,1g,132k,88,9m,136.997,489.551
